occurrenceID,sequenceID,DNA_sequence_md5,DNA_sequence,target_gene,target_subfragment,pcr_primer_forward,pcr_primer_reverse,seq_meth,otu_db,otu_class_appr,otu_seq_comp_appr,sop,contaminationAssessment,experimentalVariance,quantificationCycle,estimatedNumberOfCopies,identificationReferences,identificationRemarks
urn:ecogenesis:adversarial:ADV100-001-true_species_safe_positive,ADV100-001-true_species_safe_positive,5695d927022faccbcccb799d5f7b228b,ACGTTGACCTAGGCTTACGATCGTACCGATGCTAGCTAGGATCCGATCGTACGATCGTAGCTAGCATCGGATCGTACCGTAGCTAGCTAGGCTAGCTAGGATCGATCGTAGCTAGGCTAGCTAGCATCGATCGTACGATCGTAGCTAGCTAGGATCGATCGTACGATCGTAGCTAGCATCGATCGTACCGTAGCTAGCTAGGCTAGCTAGGATCGATCGTAGCTAGGCTAGCTAGCATCGATCGTACGATCGTAGCTAGCTAGGATCGATCGTACGATCGTAGCTAGCATCGATCGTACCGTAGCTAGCTAGGCTAGCTAGGATCGATCGTAGCTAGGCTAGCTAGCATCGATCGTACGATCGTAGCTAGCTAGGATCGATCGTACGATCGTAGCTAGCATCGATCGTACCGTAGCTAGCTAGGCTAGCTAGGATCGATCGTAGCTAGGCTAGCTAGCATCGATCGTACGATCGTAGCTAGCTAGGATCGATCGTACGATCGTAGCTAGCATCGATCGTACCGTAGCTAGCTAGGCTAGCTAGGATCGATCGTAGCTAGGCTAGCTAGCATCGATCGTACGATCGTAGCTAGCTAGGATCGATCGTACGATCGTAGCTAGCA,cytochrome c oxidase subunit I,COI-5P barcode region,,,,COI Animals / BOLD public clustered reference,GBIF Sequence ID-compatible COI BLAST workflow; ruleset barcode-gbif-compiler-v2,identity=99.6; queryCoverage=96.0,GBIF Sequence ID-compatible COI BLAST workflow; ruleset barcode-gbif-compiler-v2,,,,,https://www.gbif.org/tools/sequence-id,species-safe by barcode-gbif-compiler-v2; match=exact; top=Aedes albopictus identity=99.6 coverage=96.0; candidate rank=species; published rank=species; publication stage=record_recommended_ready; export state=dwc_template_ready.
urn:ecogenesis:adversarial:ADV100-002-true_species_safe_positive,ADV100-002-true_species_safe_positive,5695d927022faccbcccb799d5f7b228b,ACGTTGACCTAGGCTTACGATCGTACCGATGCTAGCTAGGATCCGATCGTACGATCGTAGCTAGCATCGGATCGTACCGTAGCTAGCTAGGCTAGCTAGGATCGATCGTAGCTAGGCTAGCTAGCATCGATCGTACGATCGTAGCTAGCTAGGATCGATCGTACGATCGTAGCTAGCATCGATCGTACCGTAGCTAGCTAGGCTAGCTAGGATCGATCGTAGCTAGGCTAGCTAGCATCGATCGTACGATCGTAGCTAGCTAGGATCGATCGTACGATCGTAGCTAGCATCGATCGTACCGTAGCTAGCTAGGCTAGCTAGGATCGATCGTAGCTAGGCTAGCTAGCATCGATCGTACGATCGTAGCTAGCTAGGATCGATCGTACGATCGTAGCTAGCATCGATCGTACCGTAGCTAGCTAGGCTAGCTAGGATCGATCGTAGCTAGGCTAGCTAGCATCGATCGTACGATCGTAGCTAGCTAGGATCGATCGTACGATCGTAGCTAGCATCGATCGTACCGTAGCTAGCTAGGCTAGCTAGGATCGATCGTAGCTAGGCTAGCTAGCATCGATCGTACGATCGTAGCTAGCTAGGATCGATCGTACGATCGTAGCTAGCA,cytochrome c oxidase subunit I,COI-5P barcode region,,,,COI Animals / BOLD public clustered reference,GBIF Sequence ID-compatible COI BLAST workflow; ruleset barcode-gbif-compiler-v2,identity=99.6; queryCoverage=96.0,GBIF Sequence ID-compatible COI BLAST workflow; ruleset barcode-gbif-compiler-v2,,,,,https://www.gbif.org/tools/sequence-id,species-safe by barcode-gbif-compiler-v2; match=exact; top=Aedes albopictus identity=99.6 coverage=96.0; candidate rank=species; published rank=species; publication stage=record_recommended_ready; export state=dwc_template_ready.
urn:ecogenesis:adversarial:ADV100-003-true_species_safe_positive,ADV100-003-true_species_safe_positive,5695d927022faccbcccb799d5f7b228b,ACGTTGACCTAGGCTTACGATCGTACCGATGCTAGCTAGGATCCGATCGTACGATCGTAGCTAGCATCGGATCGTACCGTAGCTAGCTAGGCTAGCTAGGATCGATCGTAGCTAGGCTAGCTAGCATCGATCGTACGATCGTAGCTAGCTAGGATCGATCGTACGATCGTAGCTAGCATCGATCGTACCGTAGCTAGCTAGGCTAGCTAGGATCGATCGTAGCTAGGCTAGCTAGCATCGATCGTACGATCGTAGCTAGCTAGGATCGATCGTACGATCGTAGCTAGCATCGATCGTACCGTAGCTAGCTAGGCTAGCTAGGATCGATCGTAGCTAGGCTAGCTAGCATCGATCGTACGATCGTAGCTAGCTAGGATCGATCGTACGATCGTAGCTAGCATCGATCGTACCGTAGCTAGCTAGGCTAGCTAGGATCGATCGTAGCTAGGCTAGCTAGCATCGATCGTACGATCGTAGCTAGCTAGGATCGATCGTACGATCGTAGCTAGCATCGATCGTACCGTAGCTAGCTAGGCTAGCTAGGATCGATCGTAGCTAGGCTAGCTAGCATCGATCGTACGATCGTAGCTAGCTAGGATCGATCGTACGATCGTAGCTAGCA,cytochrome c oxidase subunit I,COI-5P barcode region,,,,COI Animals / BOLD public clustered reference,GBIF Sequence ID-compatible COI BLAST workflow; ruleset barcode-gbif-compiler-v2,identity=99.6; queryCoverage=96.0,GBIF Sequence ID-compatible COI BLAST workflow; ruleset barcode-gbif-compiler-v2,,,,,https://www.gbif.org/tools/sequence-id,species-safe by barcode-gbif-compiler-v2; match=exact; top=Aedes albopictus identity=99.6 coverage=96.0; candidate rank=species; published rank=species; publication stage=record_recommended_ready; export state=dwc_template_ready.
urn:ecogenesis:adversarial:ADV100-004-true_species_safe_positive,ADV100-004-true_species_safe_positive,5695d927022faccbcccb799d5f7b228b,ACGTTGACCTAGGCTTACGATCGTACCGATGCTAGCTAGGATCCGATCGTACGATCGTAGCTAGCATCGGATCGTACCGTAGCTAGCTAGGCTAGCTAGGATCGATCGTAGCTAGGCTAGCTAGCATCGATCGTACGATCGTAGCTAGCTAGGATCGATCGTACGATCGTAGCTAGCATCGATCGTACCGTAGCTAGCTAGGCTAGCTAGGATCGATCGTAGCTAGGCTAGCTAGCATCGATCGTACGATCGTAGCTAGCTAGGATCGATCGTACGATCGTAGCTAGCATCGATCGTACCGTAGCTAGCTAGGCTAGCTAGGATCGATCGTAGCTAGGCTAGCTAGCATCGATCGTACGATCGTAGCTAGCTAGGATCGATCGTACGATCGTAGCTAGCATCGATCGTACCGTAGCTAGCTAGGCTAGCTAGGATCGATCGTAGCTAGGCTAGCTAGCATCGATCGTACGATCGTAGCTAGCTAGGATCGATCGTACGATCGTAGCTAGCATCGATCGTACCGTAGCTAGCTAGGCTAGCTAGGATCGATCGTAGCTAGGCTAGCTAGCATCGATCGTACGATCGTAGCTAGCTAGGATCGATCGTACGATCGTAGCTAGCA,cytochrome c oxidase subunit I,COI-5P barcode region,,,,COI Animals / BOLD public clustered reference,GBIF Sequence ID-compatible COI BLAST workflow; ruleset barcode-gbif-compiler-v2,identity=99.6; queryCoverage=96.0,GBIF Sequence ID-compatible COI BLAST workflow; ruleset barcode-gbif-compiler-v2,,,,,https://www.gbif.org/tools/sequence-id,species-safe by barcode-gbif-compiler-v2; match=exact; top=Aedes albopictus identity=99.6 coverage=96.0; candidate rank=species; published rank=species; publication stage=record_recommended_ready; export state=dwc_template_ready.
urn:ecogenesis:adversarial:ADV100-005-true_species_safe_positive,ADV100-005-true_species_safe_positive,5695d927022faccbcccb799d5f7b228b,ACGTTGACCTAGGCTTACGATCGTACCGATGCTAGCTAGGATCCGATCGTACGATCGTAGCTAGCATCGGATCGTACCGTAGCTAGCTAGGCTAGCTAGGATCGATCGTAGCTAGGCTAGCTAGCATCGATCGTACGATCGTAGCTAGCTAGGATCGATCGTACGATCGTAGCTAGCATCGATCGTACCGTAGCTAGCTAGGCTAGCTAGGATCGATCGTAGCTAGGCTAGCTAGCATCGATCGTACGATCGTAGCTAGCTAGGATCGATCGTACGATCGTAGCTAGCATCGATCGTACCGTAGCTAGCTAGGCTAGCTAGGATCGATCGTAGCTAGGCTAGCTAGCATCGATCGTACGATCGTAGCTAGCTAGGATCGATCGTACGATCGTAGCTAGCATCGATCGTACCGTAGCTAGCTAGGCTAGCTAGGATCGATCGTAGCTAGGCTAGCTAGCATCGATCGTACGATCGTAGCTAGCTAGGATCGATCGTACGATCGTAGCTAGCATCGATCGTACCGTAGCTAGCTAGGCTAGCTAGGATCGATCGTAGCTAGGCTAGCTAGCATCGATCGTACGATCGTAGCTAGCTAGGATCGATCGTACGATCGTAGCTAGCA,cytochrome c oxidase subunit I,COI-5P barcode region,,,,COI Animals / BOLD public clustered reference,GBIF Sequence ID-compatible COI BLAST workflow; ruleset barcode-gbif-compiler-v2,identity=99.6; queryCoverage=96.0,GBIF Sequence ID-compatible COI BLAST workflow; ruleset barcode-gbif-compiler-v2,,,,,https://www.gbif.org/tools/sequence-id,species-safe by barcode-gbif-compiler-v2; match=exact; top=Aedes albopictus identity=99.6 coverage=96.0; candidate rank=species; published rank=species; publication stage=record_recommended_ready; export state=dwc_template_ready.
urn:ecogenesis:adversarial:ADV100-006-true_species_safe_positive,ADV100-006-true_species_safe_positive,5695d927022faccbcccb799d5f7b228b,ACGTTGACCTAGGCTTACGATCGTACCGATGCTAGCTAGGATCCGATCGTACGATCGTAGCTAGCATCGGATCGTACCGTAGCTAGCTAGGCTAGCTAGGATCGATCGTAGCTAGGCTAGCTAGCATCGATCGTACGATCGTAGCTAGCTAGGATCGATCGTACGATCGTAGCTAGCATCGATCGTACCGTAGCTAGCTAGGCTAGCTAGGATCGATCGTAGCTAGGCTAGCTAGCATCGATCGTACGATCGTAGCTAGCTAGGATCGATCGTACGATCGTAGCTAGCATCGATCGTACCGTAGCTAGCTAGGCTAGCTAGGATCGATCGTAGCTAGGCTAGCTAGCATCGATCGTACGATCGTAGCTAGCTAGGATCGATCGTACGATCGTAGCTAGCATCGATCGTACCGTAGCTAGCTAGGCTAGCTAGGATCGATCGTAGCTAGGCTAGCTAGCATCGATCGTACGATCGTAGCTAGCTAGGATCGATCGTACGATCGTAGCTAGCATCGATCGTACCGTAGCTAGCTAGGCTAGCTAGGATCGATCGTAGCTAGGCTAGCTAGCATCGATCGTACGATCGTAGCTAGCTAGGATCGATCGTACGATCGTAGCTAGCA,cytochrome c oxidase subunit I,COI-5P barcode region,,,,COI Animals / BOLD public clustered reference,GBIF Sequence ID-compatible COI BLAST workflow; ruleset barcode-gbif-compiler-v2,identity=99.6; queryCoverage=96.0,GBIF Sequence ID-compatible COI BLAST workflow; ruleset barcode-gbif-compiler-v2,,,,,https://www.gbif.org/tools/sequence-id,species-safe by barcode-gbif-compiler-v2; match=exact; top=Aedes albopictus identity=99.6 coverage=96.0; candidate rank=species; published rank=species; publication stage=record_recommended_ready; export state=dwc_template_ready.
urn:ecogenesis:adversarial:ADV100-007-true_species_safe_positive,ADV100-007-true_species_safe_positive,5695d927022faccbcccb799d5f7b228b,ACGTTGACCTAGGCTTACGATCGTACCGATGCTAGCTAGGATCCGATCGTACGATCGTAGCTAGCATCGGATCGTACCGTAGCTAGCTAGGCTAGCTAGGATCGATCGTAGCTAGGCTAGCTAGCATCGATCGTACGATCGTAGCTAGCTAGGATCGATCGTACGATCGTAGCTAGCATCGATCGTACCGTAGCTAGCTAGGCTAGCTAGGATCGATCGTAGCTAGGCTAGCTAGCATCGATCGTACGATCGTAGCTAGCTAGGATCGATCGTACGATCGTAGCTAGCATCGATCGTACCGTAGCTAGCTAGGCTAGCTAGGATCGATCGTAGCTAGGCTAGCTAGCATCGATCGTACGATCGTAGCTAGCTAGGATCGATCGTACGATCGTAGCTAGCATCGATCGTACCGTAGCTAGCTAGGCTAGCTAGGATCGATCGTAGCTAGGCTAGCTAGCATCGATCGTACGATCGTAGCTAGCTAGGATCGATCGTACGATCGTAGCTAGCATCGATCGTACCGTAGCTAGCTAGGCTAGCTAGGATCGATCGTAGCTAGGCTAGCTAGCATCGATCGTACGATCGTAGCTAGCTAGGATCGATCGTACGATCGTAGCTAGCA,cytochrome c oxidase subunit I,COI-5P barcode region,,,,COI Animals / BOLD public clustered reference,GBIF Sequence ID-compatible COI BLAST workflow; ruleset barcode-gbif-compiler-v2,identity=99.6; queryCoverage=96.0,GBIF Sequence ID-compatible COI BLAST workflow; ruleset barcode-gbif-compiler-v2,,,,,https://www.gbif.org/tools/sequence-id,species-safe by barcode-gbif-compiler-v2; match=exact; top=Aedes albopictus identity=99.6 coverage=96.0; candidate rank=species; published rank=species; publication stage=record_recommended_ready; export state=dwc_template_ready.
urn:ecogenesis:adversarial:ADV100-008-true_species_safe_positive,ADV100-008-true_species_safe_positive,5695d927022faccbcccb799d5f7b228b,ACGTTGACCTAGGCTTACGATCGTACCGATGCTAGCTAGGATCCGATCGTACGATCGTAGCTAGCATCGGATCGTACCGTAGCTAGCTAGGCTAGCTAGGATCGATCGTAGCTAGGCTAGCTAGCATCGATCGTACGATCGTAGCTAGCTAGGATCGATCGTACGATCGTAGCTAGCATCGATCGTACCGTAGCTAGCTAGGCTAGCTAGGATCGATCGTAGCTAGGCTAGCTAGCATCGATCGTACGATCGTAGCTAGCTAGGATCGATCGTACGATCGTAGCTAGCATCGATCGTACCGTAGCTAGCTAGGCTAGCTAGGATCGATCGTAGCTAGGCTAGCTAGCATCGATCGTACGATCGTAGCTAGCTAGGATCGATCGTACGATCGTAGCTAGCATCGATCGTACCGTAGCTAGCTAGGCTAGCTAGGATCGATCGTAGCTAGGCTAGCTAGCATCGATCGTACGATCGTAGCTAGCTAGGATCGATCGTACGATCGTAGCTAGCATCGATCGTACCGTAGCTAGCTAGGCTAGCTAGGATCGATCGTAGCTAGGCTAGCTAGCATCGATCGTACGATCGTAGCTAGCTAGGATCGATCGTACGATCGTAGCTAGCA,cytochrome c oxidase subunit I,COI-5P barcode region,,,,COI Animals / BOLD public clustered reference,GBIF Sequence ID-compatible COI BLAST workflow; ruleset barcode-gbif-compiler-v2,identity=99.6; queryCoverage=96.0,GBIF Sequence ID-compatible COI BLAST workflow; ruleset barcode-gbif-compiler-v2,,,,,https://www.gbif.org/tools/sequence-id,species-safe by barcode-gbif-compiler-v2; match=exact; top=Aedes albopictus identity=99.6 coverage=96.0; candidate rank=species; published rank=species; publication stage=record_recommended_ready; export state=dwc_template_ready.
urn:ecogenesis:adversarial:ADV100-009-true_species_safe_positive,ADV100-009-true_species_safe_positive,5695d927022faccbcccb799d5f7b228b,ACGTTGACCTAGGCTTACGATCGTACCGATGCTAGCTAGGATCCGATCGTACGATCGTAGCTAGCATCGGATCGTACCGTAGCTAGCTAGGCTAGCTAGGATCGATCGTAGCTAGGCTAGCTAGCATCGATCGTACGATCGTAGCTAGCTAGGATCGATCGTACGATCGTAGCTAGCATCGATCGTACCGTAGCTAGCTAGGCTAGCTAGGATCGATCGTAGCTAGGCTAGCTAGCATCGATCGTACGATCGTAGCTAGCTAGGATCGATCGTACGATCGTAGCTAGCATCGATCGTACCGTAGCTAGCTAGGCTAGCTAGGATCGATCGTAGCTAGGCTAGCTAGCATCGATCGTACGATCGTAGCTAGCTAGGATCGATCGTACGATCGTAGCTAGCATCGATCGTACCGTAGCTAGCTAGGCTAGCTAGGATCGATCGTAGCTAGGCTAGCTAGCATCGATCGTACGATCGTAGCTAGCTAGGATCGATCGTACGATCGTAGCTAGCATCGATCGTACCGTAGCTAGCTAGGCTAGCTAGGATCGATCGTAGCTAGGCTAGCTAGCATCGATCGTACGATCGTAGCTAGCTAGGATCGATCGTACGATCGTAGCTAGCA,cytochrome c oxidase subunit I,COI-5P barcode region,,,,COI Animals / BOLD public clustered reference,GBIF Sequence ID-compatible COI BLAST workflow; ruleset barcode-gbif-compiler-v2,identity=99.6; queryCoverage=96.0,GBIF Sequence ID-compatible COI BLAST workflow; ruleset barcode-gbif-compiler-v2,,,,,https://www.gbif.org/tools/sequence-id,species-safe by barcode-gbif-compiler-v2; match=exact; top=Aedes albopictus identity=99.6 coverage=96.0; candidate rank=species; published rank=species; publication stage=record_recommended_ready; export state=dwc_template_ready.
urn:ecogenesis:adversarial:ADV100-010-true_species_safe_positive,ADV100-010-true_species_safe_positive,5695d927022faccbcccb799d5f7b228b,ACGTTGACCTAGGCTTACGATCGTACCGATGCTAGCTAGGATCCGATCGTACGATCGTAGCTAGCATCGGATCGTACCGTAGCTAGCTAGGCTAGCTAGGATCGATCGTAGCTAGGCTAGCTAGCATCGATCGTACGATCGTAGCTAGCTAGGATCGATCGTACGATCGTAGCTAGCATCGATCGTACCGTAGCTAGCTAGGCTAGCTAGGATCGATCGTAGCTAGGCTAGCTAGCATCGATCGTACGATCGTAGCTAGCTAGGATCGATCGTACGATCGTAGCTAGCATCGATCGTACCGTAGCTAGCTAGGCTAGCTAGGATCGATCGTAGCTAGGCTAGCTAGCATCGATCGTACGATCGTAGCTAGCTAGGATCGATCGTACGATCGTAGCTAGCATCGATCGTACCGTAGCTAGCTAGGCTAGCTAGGATCGATCGTAGCTAGGCTAGCTAGCATCGATCGTACGATCGTAGCTAGCTAGGATCGATCGTACGATCGTAGCTAGCATCGATCGTACCGTAGCTAGCTAGGCTAGCTAGGATCGATCGTAGCTAGGCTAGCTAGCATCGATCGTACGATCGTAGCTAGCTAGGATCGATCGTACGATCGTAGCTAGCA,cytochrome c oxidase subunit I,COI-5P barcode region,,,,COI Animals / BOLD public clustered reference,GBIF Sequence ID-compatible COI BLAST workflow; ruleset barcode-gbif-compiler-v2,identity=99.6; queryCoverage=96.0,GBIF Sequence ID-compatible COI BLAST workflow; ruleset barcode-gbif-compiler-v2,,,,,https://www.gbif.org/tools/sequence-id,species-safe by barcode-gbif-compiler-v2; match=exact; top=Aedes albopictus identity=99.6 coverage=96.0; candidate rank=species; published rank=species; publication stage=record_recommended_ready; export state=dwc_template_ready.
urn:ecogenesis:adversarial:ADV100-011-close_sibling_ambiguity,ADV100-011-close_sibling_ambiguity,5695d927022faccbcccb799d5f7b228b,ACGTTGACCTAGGCTTACGATCGTACCGATGCTAGCTAGGATCCGATCGTACGATCGTAGCTAGCATCGGATCGTACCGTAGCTAGCTAGGCTAGCTAGGATCGATCGTAGCTAGGCTAGCTAGCATCGATCGTACGATCGTAGCTAGCTAGGATCGATCGTACGATCGTAGCTAGCATCGATCGTACCGTAGCTAGCTAGGCTAGCTAGGATCGATCGTAGCTAGGCTAGCTAGCATCGATCGTACGATCGTAGCTAGCTAGGATCGATCGTACGATCGTAGCTAGCATCGATCGTACCGTAGCTAGCTAGGCTAGCTAGGATCGATCGTAGCTAGGCTAGCTAGCATCGATCGTACGATCGTAGCTAGCTAGGATCGATCGTACGATCGTAGCTAGCATCGATCGTACCGTAGCTAGCTAGGCTAGCTAGGATCGATCGTAGCTAGGCTAGCTAGCATCGATCGTACGATCGTAGCTAGCTAGGATCGATCGTACGATCGTAGCTAGCATCGATCGTACCGTAGCTAGCTAGGCTAGCTAGGATCGATCGTAGCTAGGCTAGCTAGCATCGATCGTACGATCGTAGCTAGCTAGGATCGATCGTACGATCGTAGCTAGCA,cytochrome c oxidase subunit I,COI-5P barcode region,,,,COI Animals / BOLD public clustered reference,GBIF Sequence ID-compatible COI BLAST workflow; ruleset barcode-gbif-compiler-v2,identity=99.4; queryCoverage=96.0,GBIF Sequence ID-compatible COI BLAST workflow; ruleset barcode-gbif-compiler-v2,,,,,https://www.gbif.org/tools/sequence-id,genus-safe by barcode-gbif-compiler-v2; match=exact; top=Aedes albopictus identity=99.4 coverage=96.0; candidate rank=genus; published rank=genus; publication stage=record_recommended_ready; export state=dwc_template_ready.
urn:ecogenesis:adversarial:ADV100-012-close_sibling_ambiguity,ADV100-012-close_sibling_ambiguity,5695d927022faccbcccb799d5f7b228b,ACGTTGACCTAGGCTTACGATCGTACCGATGCTAGCTAGGATCCGATCGTACGATCGTAGCTAGCATCGGATCGTACCGTAGCTAGCTAGGCTAGCTAGGATCGATCGTAGCTAGGCTAGCTAGCATCGATCGTACGATCGTAGCTAGCTAGGATCGATCGTACGATCGTAGCTAGCATCGATCGTACCGTAGCTAGCTAGGCTAGCTAGGATCGATCGTAGCTAGGCTAGCTAGCATCGATCGTACGATCGTAGCTAGCTAGGATCGATCGTACGATCGTAGCTAGCATCGATCGTACCGTAGCTAGCTAGGCTAGCTAGGATCGATCGTAGCTAGGCTAGCTAGCATCGATCGTACGATCGTAGCTAGCTAGGATCGATCGTACGATCGTAGCTAGCATCGATCGTACCGTAGCTAGCTAGGCTAGCTAGGATCGATCGTAGCTAGGCTAGCTAGCATCGATCGTACGATCGTAGCTAGCTAGGATCGATCGTACGATCGTAGCTAGCATCGATCGTACCGTAGCTAGCTAGGCTAGCTAGGATCGATCGTAGCTAGGCTAGCTAGCATCGATCGTACGATCGTAGCTAGCTAGGATCGATCGTACGATCGTAGCTAGCA,cytochrome c oxidase subunit I,COI-5P barcode region,,,,COI Animals / BOLD public clustered reference,GBIF Sequence ID-compatible COI BLAST workflow; ruleset barcode-gbif-compiler-v2,identity=99.4; queryCoverage=96.0,GBIF Sequence ID-compatible COI BLAST workflow; ruleset barcode-gbif-compiler-v2,,,,,https://www.gbif.org/tools/sequence-id,genus-safe by barcode-gbif-compiler-v2; match=exact; top=Aedes albopictus identity=99.4 coverage=96.0; candidate rank=genus; published rank=genus; publication stage=record_recommended_ready; export state=dwc_template_ready.
urn:ecogenesis:adversarial:ADV100-013-close_sibling_ambiguity,ADV100-013-close_sibling_ambiguity,5695d927022faccbcccb799d5f7b228b,ACGTTGACCTAGGCTTACGATCGTACCGATGCTAGCTAGGATCCGATCGTACGATCGTAGCTAGCATCGGATCGTACCGTAGCTAGCTAGGCTAGCTAGGATCGATCGTAGCTAGGCTAGCTAGCATCGATCGTACGATCGTAGCTAGCTAGGATCGATCGTACGATCGTAGCTAGCATCGATCGTACCGTAGCTAGCTAGGCTAGCTAGGATCGATCGTAGCTAGGCTAGCTAGCATCGATCGTACGATCGTAGCTAGCTAGGATCGATCGTACGATCGTAGCTAGCATCGATCGTACCGTAGCTAGCTAGGCTAGCTAGGATCGATCGTAGCTAGGCTAGCTAGCATCGATCGTACGATCGTAGCTAGCTAGGATCGATCGTACGATCGTAGCTAGCATCGATCGTACCGTAGCTAGCTAGGCTAGCTAGGATCGATCGTAGCTAGGCTAGCTAGCATCGATCGTACGATCGTAGCTAGCTAGGATCGATCGTACGATCGTAGCTAGCATCGATCGTACCGTAGCTAGCTAGGCTAGCTAGGATCGATCGTAGCTAGGCTAGCTAGCATCGATCGTACGATCGTAGCTAGCTAGGATCGATCGTACGATCGTAGCTAGCA,cytochrome c oxidase subunit I,COI-5P barcode region,,,,COI Animals / BOLD public clustered reference,GBIF Sequence ID-compatible COI BLAST workflow; ruleset barcode-gbif-compiler-v2,identity=99.4; queryCoverage=96.0,GBIF Sequence ID-compatible COI BLAST workflow; ruleset barcode-gbif-compiler-v2,,,,,https://www.gbif.org/tools/sequence-id,genus-safe by barcode-gbif-compiler-v2; match=exact; top=Aedes albopictus identity=99.4 coverage=96.0; candidate rank=genus; published rank=genus; publication stage=record_recommended_ready; export state=dwc_template_ready.
urn:ecogenesis:adversarial:ADV100-014-close_sibling_ambiguity,ADV100-014-close_sibling_ambiguity,5695d927022faccbcccb799d5f7b228b,ACGTTGACCTAGGCTTACGATCGTACCGATGCTAGCTAGGATCCGATCGTACGATCGTAGCTAGCATCGGATCGTACCGTAGCTAGCTAGGCTAGCTAGGATCGATCGTAGCTAGGCTAGCTAGCATCGATCGTACGATCGTAGCTAGCTAGGATCGATCGTACGATCGTAGCTAGCATCGATCGTACCGTAGCTAGCTAGGCTAGCTAGGATCGATCGTAGCTAGGCTAGCTAGCATCGATCGTACGATCGTAGCTAGCTAGGATCGATCGTACGATCGTAGCTAGCATCGATCGTACCGTAGCTAGCTAGGCTAGCTAGGATCGATCGTAGCTAGGCTAGCTAGCATCGATCGTACGATCGTAGCTAGCTAGGATCGATCGTACGATCGTAGCTAGCATCGATCGTACCGTAGCTAGCTAGGCTAGCTAGGATCGATCGTAGCTAGGCTAGCTAGCATCGATCGTACGATCGTAGCTAGCTAGGATCGATCGTACGATCGTAGCTAGCATCGATCGTACCGTAGCTAGCTAGGCTAGCTAGGATCGATCGTAGCTAGGCTAGCTAGCATCGATCGTACGATCGTAGCTAGCTAGGATCGATCGTACGATCGTAGCTAGCA,cytochrome c oxidase subunit I,COI-5P barcode region,,,,COI Animals / BOLD public clustered reference,GBIF Sequence ID-compatible COI BLAST workflow; ruleset barcode-gbif-compiler-v2,identity=99.4; queryCoverage=96.0,GBIF Sequence ID-compatible COI BLAST workflow; ruleset barcode-gbif-compiler-v2,,,,,https://www.gbif.org/tools/sequence-id,genus-safe by barcode-gbif-compiler-v2; match=exact; top=Aedes albopictus identity=99.4 coverage=96.0; candidate rank=genus; published rank=genus; publication stage=record_recommended_ready; export state=dwc_template_ready.
urn:ecogenesis:adversarial:ADV100-015-close_sibling_ambiguity,ADV100-015-close_sibling_ambiguity,5695d927022faccbcccb799d5f7b228b,ACGTTGACCTAGGCTTACGATCGTACCGATGCTAGCTAGGATCCGATCGTACGATCGTAGCTAGCATCGGATCGTACCGTAGCTAGCTAGGCTAGCTAGGATCGATCGTAGCTAGGCTAGCTAGCATCGATCGTACGATCGTAGCTAGCTAGGATCGATCGTACGATCGTAGCTAGCATCGATCGTACCGTAGCTAGCTAGGCTAGCTAGGATCGATCGTAGCTAGGCTAGCTAGCATCGATCGTACGATCGTAGCTAGCTAGGATCGATCGTACGATCGTAGCTAGCATCGATCGTACCGTAGCTAGCTAGGCTAGCTAGGATCGATCGTAGCTAGGCTAGCTAGCATCGATCGTACGATCGTAGCTAGCTAGGATCGATCGTACGATCGTAGCTAGCATCGATCGTACCGTAGCTAGCTAGGCTAGCTAGGATCGATCGTAGCTAGGCTAGCTAGCATCGATCGTACGATCGTAGCTAGCTAGGATCGATCGTACGATCGTAGCTAGCATCGATCGTACCGTAGCTAGCTAGGCTAGCTAGGATCGATCGTAGCTAGGCTAGCTAGCATCGATCGTACGATCGTAGCTAGCTAGGATCGATCGTACGATCGTAGCTAGCA,cytochrome c oxidase subunit I,COI-5P barcode region,,,,COI Animals / BOLD public clustered reference,GBIF Sequence ID-compatible COI BLAST workflow; ruleset barcode-gbif-compiler-v2,identity=99.4; queryCoverage=96.0,GBIF Sequence ID-compatible COI BLAST workflow; ruleset barcode-gbif-compiler-v2,,,,,https://www.gbif.org/tools/sequence-id,genus-safe by barcode-gbif-compiler-v2; match=exact; top=Aedes albopictus identity=99.4 coverage=96.0; candidate rank=genus; published rank=genus; publication stage=record_recommended_ready; export state=dwc_template_ready.
urn:ecogenesis:adversarial:ADV100-016-close_sibling_ambiguity,ADV100-016-close_sibling_ambiguity,5695d927022faccbcccb799d5f7b228b,ACGTTGACCTAGGCTTACGATCGTACCGATGCTAGCTAGGATCCGATCGTACGATCGTAGCTAGCATCGGATCGTACCGTAGCTAGCTAGGCTAGCTAGGATCGATCGTAGCTAGGCTAGCTAGCATCGATCGTACGATCGTAGCTAGCTAGGATCGATCGTACGATCGTAGCTAGCATCGATCGTACCGTAGCTAGCTAGGCTAGCTAGGATCGATCGTAGCTAGGCTAGCTAGCATCGATCGTACGATCGTAGCTAGCTAGGATCGATCGTACGATCGTAGCTAGCATCGATCGTACCGTAGCTAGCTAGGCTAGCTAGGATCGATCGTAGCTAGGCTAGCTAGCATCGATCGTACGATCGTAGCTAGCTAGGATCGATCGTACGATCGTAGCTAGCATCGATCGTACCGTAGCTAGCTAGGCTAGCTAGGATCGATCGTAGCTAGGCTAGCTAGCATCGATCGTACGATCGTAGCTAGCTAGGATCGATCGTACGATCGTAGCTAGCATCGATCGTACCGTAGCTAGCTAGGCTAGCTAGGATCGATCGTAGCTAGGCTAGCTAGCATCGATCGTACGATCGTAGCTAGCTAGGATCGATCGTACGATCGTAGCTAGCA,cytochrome c oxidase subunit I,COI-5P barcode region,,,,COI Animals / BOLD public clustered reference,GBIF Sequence ID-compatible COI BLAST workflow; ruleset barcode-gbif-compiler-v2,identity=99.4; queryCoverage=96.0,GBIF Sequence ID-compatible COI BLAST workflow; ruleset barcode-gbif-compiler-v2,,,,,https://www.gbif.org/tools/sequence-id,genus-safe by barcode-gbif-compiler-v2; match=exact; top=Aedes albopictus identity=99.4 coverage=96.0; candidate rank=genus; published rank=genus; publication stage=record_recommended_ready; export state=dwc_template_ready.
urn:ecogenesis:adversarial:ADV100-017-close_sibling_ambiguity,ADV100-017-close_sibling_ambiguity,5695d927022faccbcccb799d5f7b228b,ACGTTGACCTAGGCTTACGATCGTACCGATGCTAGCTAGGATCCGATCGTACGATCGTAGCTAGCATCGGATCGTACCGTAGCTAGCTAGGCTAGCTAGGATCGATCGTAGCTAGGCTAGCTAGCATCGATCGTACGATCGTAGCTAGCTAGGATCGATCGTACGATCGTAGCTAGCATCGATCGTACCGTAGCTAGCTAGGCTAGCTAGGATCGATCGTAGCTAGGCTAGCTAGCATCGATCGTACGATCGTAGCTAGCTAGGATCGATCGTACGATCGTAGCTAGCATCGATCGTACCGTAGCTAGCTAGGCTAGCTAGGATCGATCGTAGCTAGGCTAGCTAGCATCGATCGTACGATCGTAGCTAGCTAGGATCGATCGTACGATCGTAGCTAGCATCGATCGTACCGTAGCTAGCTAGGCTAGCTAGGATCGATCGTAGCTAGGCTAGCTAGCATCGATCGTACGATCGTAGCTAGCTAGGATCGATCGTACGATCGTAGCTAGCATCGATCGTACCGTAGCTAGCTAGGCTAGCTAGGATCGATCGTAGCTAGGCTAGCTAGCATCGATCGTACGATCGTAGCTAGCTAGGATCGATCGTACGATCGTAGCTAGCA,cytochrome c oxidase subunit I,COI-5P barcode region,,,,COI Animals / BOLD public clustered reference,GBIF Sequence ID-compatible COI BLAST workflow; ruleset barcode-gbif-compiler-v2,identity=99.4; queryCoverage=96.0,GBIF Sequence ID-compatible COI BLAST workflow; ruleset barcode-gbif-compiler-v2,,,,,https://www.gbif.org/tools/sequence-id,genus-safe by barcode-gbif-compiler-v2; match=exact; top=Aedes albopictus identity=99.4 coverage=96.0; candidate rank=genus; published rank=genus; publication stage=record_recommended_ready; export state=dwc_template_ready.
urn:ecogenesis:adversarial:ADV100-018-close_sibling_ambiguity,ADV100-018-close_sibling_ambiguity,5695d927022faccbcccb799d5f7b228b,ACGTTGACCTAGGCTTACGATCGTACCGATGCTAGCTAGGATCCGATCGTACGATCGTAGCTAGCATCGGATCGTACCGTAGCTAGCTAGGCTAGCTAGGATCGATCGTAGCTAGGCTAGCTAGCATCGATCGTACGATCGTAGCTAGCTAGGATCGATCGTACGATCGTAGCTAGCATCGATCGTACCGTAGCTAGCTAGGCTAGCTAGGATCGATCGTAGCTAGGCTAGCTAGCATCGATCGTACGATCGTAGCTAGCTAGGATCGATCGTACGATCGTAGCTAGCATCGATCGTACCGTAGCTAGCTAGGCTAGCTAGGATCGATCGTAGCTAGGCTAGCTAGCATCGATCGTACGATCGTAGCTAGCTAGGATCGATCGTACGATCGTAGCTAGCATCGATCGTACCGTAGCTAGCTAGGCTAGCTAGGATCGATCGTAGCTAGGCTAGCTAGCATCGATCGTACGATCGTAGCTAGCTAGGATCGATCGTACGATCGTAGCTAGCATCGATCGTACCGTAGCTAGCTAGGCTAGCTAGGATCGATCGTAGCTAGGCTAGCTAGCATCGATCGTACGATCGTAGCTAGCTAGGATCGATCGTACGATCGTAGCTAGCA,cytochrome c oxidase subunit I,COI-5P barcode region,,,,COI Animals / BOLD public clustered reference,GBIF Sequence ID-compatible COI BLAST workflow; ruleset barcode-gbif-compiler-v2,identity=99.4; queryCoverage=96.0,GBIF Sequence ID-compatible COI BLAST workflow; ruleset barcode-gbif-compiler-v2,,,,,https://www.gbif.org/tools/sequence-id,genus-safe by barcode-gbif-compiler-v2; match=exact; top=Aedes albopictus identity=99.4 coverage=96.0; candidate rank=genus; published rank=genus; publication stage=record_recommended_ready; export state=dwc_template_ready.
urn:ecogenesis:adversarial:ADV100-019-close_sibling_ambiguity,ADV100-019-close_sibling_ambiguity,5695d927022faccbcccb799d5f7b228b,ACGTTGACCTAGGCTTACGATCGTACCGATGCTAGCTAGGATCCGATCGTACGATCGTAGCTAGCATCGGATCGTACCGTAGCTAGCTAGGCTAGCTAGGATCGATCGTAGCTAGGCTAGCTAGCATCGATCGTACGATCGTAGCTAGCTAGGATCGATCGTACGATCGTAGCTAGCATCGATCGTACCGTAGCTAGCTAGGCTAGCTAGGATCGATCGTAGCTAGGCTAGCTAGCATCGATCGTACGATCGTAGCTAGCTAGGATCGATCGTACGATCGTAGCTAGCATCGATCGTACCGTAGCTAGCTAGGCTAGCTAGGATCGATCGTAGCTAGGCTAGCTAGCATCGATCGTACGATCGTAGCTAGCTAGGATCGATCGTACGATCGTAGCTAGCATCGATCGTACCGTAGCTAGCTAGGCTAGCTAGGATCGATCGTAGCTAGGCTAGCTAGCATCGATCGTACGATCGTAGCTAGCTAGGATCGATCGTACGATCGTAGCTAGCATCGATCGTACCGTAGCTAGCTAGGCTAGCTAGGATCGATCGTAGCTAGGCTAGCTAGCATCGATCGTACGATCGTAGCTAGCTAGGATCGATCGTACGATCGTAGCTAGCA,cytochrome c oxidase subunit I,COI-5P barcode region,,,,COI Animals / BOLD public clustered reference,GBIF Sequence ID-compatible COI BLAST workflow; ruleset barcode-gbif-compiler-v2,identity=99.4; queryCoverage=96.0,GBIF Sequence ID-compatible COI BLAST workflow; ruleset barcode-gbif-compiler-v2,,,,,https://www.gbif.org/tools/sequence-id,genus-safe by barcode-gbif-compiler-v2; match=exact; top=Aedes albopictus identity=99.4 coverage=96.0; candidate rank=genus; published rank=genus; publication stage=record_recommended_ready; export state=dwc_template_ready.
urn:ecogenesis:adversarial:ADV100-020-close_sibling_ambiguity,ADV100-020-close_sibling_ambiguity,5695d927022faccbcccb799d5f7b228b,ACGTTGACCTAGGCTTACGATCGTACCGATGCTAGCTAGGATCCGATCGTACGATCGTAGCTAGCATCGGATCGTACCGTAGCTAGCTAGGCTAGCTAGGATCGATCGTAGCTAGGCTAGCTAGCATCGATCGTACGATCGTAGCTAGCTAGGATCGATCGTACGATCGTAGCTAGCATCGATCGTACCGTAGCTAGCTAGGCTAGCTAGGATCGATCGTAGCTAGGCTAGCTAGCATCGATCGTACGATCGTAGCTAGCTAGGATCGATCGTACGATCGTAGCTAGCATCGATCGTACCGTAGCTAGCTAGGCTAGCTAGGATCGATCGTAGCTAGGCTAGCTAGCATCGATCGTACGATCGTAGCTAGCTAGGATCGATCGTACGATCGTAGCTAGCATCGATCGTACCGTAGCTAGCTAGGCTAGCTAGGATCGATCGTAGCTAGGCTAGCTAGCATCGATCGTACGATCGTAGCTAGCTAGGATCGATCGTACGATCGTAGCTAGCATCGATCGTACCGTAGCTAGCTAGGCTAGCTAGGATCGATCGTAGCTAGGCTAGCTAGCATCGATCGTACGATCGTAGCTAGCTAGGATCGATCGTACGATCGTAGCTAGCA,cytochrome c oxidase subunit I,COI-5P barcode region,,,,COI Animals / BOLD public clustered reference,GBIF Sequence ID-compatible COI BLAST workflow; ruleset barcode-gbif-compiler-v2,identity=99.4; queryCoverage=96.0,GBIF Sequence ID-compatible COI BLAST workflow; ruleset barcode-gbif-compiler-v2,,,,,https://www.gbif.org/tools/sequence-id,genus-safe by barcode-gbif-compiler-v2; match=exact; top=Aedes albopictus identity=99.4 coverage=96.0; candidate rank=genus; published rank=genus; publication stage=record_recommended_ready; export state=dwc_template_ready.
urn:ecogenesis:adversarial:ADV100-071-genome_segment_non_barcode_marker,ADV100-071-genome_segment_non_barcode_marker,5695d927022faccbcccb799d5f7b228b,ACGTTGACCTAGGCTTACGATCGTACCGATGCTAGCTAGGATCCGATCGTACGATCGTAGCTAGCATCGGATCGTACCGTAGCTAGCTAGGCTAGCTAGGATCGATCGTAGCTAGGCTAGCTAGCATCGATCGTACGATCGTAGCTAGCTAGGATCGATCGTACGATCGTAGCTAGCATCGATCGTACCGTAGCTAGCTAGGCTAGCTAGGATCGATCGTAGCTAGGCTAGCTAGCATCGATCGTACGATCGTAGCTAGCTAGGATCGATCGTACGATCGTAGCTAGCATCGATCGTACCGTAGCTAGCTAGGCTAGCTAGGATCGATCGTAGCTAGGCTAGCTAGCATCGATCGTACGATCGTAGCTAGCTAGGATCGATCGTACGATCGTAGCTAGCATCGATCGTACCGTAGCTAGCTAGGCTAGCTAGGATCGATCGTAGCTAGGCTAGCTAGCATCGATCGTACGATCGTAGCTAGCTAGGATCGATCGTACGATCGTAGCTAGCATCGATCGTACCGTAGCTAGCTAGGCTAGCTAGGATCGATCGTAGCTAGGCTAGCTAGCATCGATCGTACGATCGTAGCTAGCTAGGATCGATCGTACGATCGTAGCTAGCA,custom marker,user supplied marker,,,,COI Animals / BOLD public clustered reference,GBIF Sequence ID-compatible COI BLAST workflow; ruleset barcode-gbif-compiler-v2,identity=99.6; queryCoverage=96.0,GBIF Sequence ID-compatible COI BLAST workflow; ruleset barcode-gbif-compiler-v2,,,,,https://www.gbif.org/tools/sequence-id,genus-safe by barcode-gbif-compiler-v2; match=exact; top=Aedes albopictus identity=99.6 coverage=96.0; candidate rank=genus; published rank=genus; publication stage=record_recommended_ready; export state=dwc_template_ready.
urn:ecogenesis:adversarial:ADV100-072-genome_segment_non_barcode_marker,ADV100-072-genome_segment_non_barcode_marker,5695d927022faccbcccb799d5f7b228b,ACGTTGACCTAGGCTTACGATCGTACCGATGCTAGCTAGGATCCGATCGTACGATCGTAGCTAGCATCGGATCGTACCGTAGCTAGCTAGGCTAGCTAGGATCGATCGTAGCTAGGCTAGCTAGCATCGATCGTACGATCGTAGCTAGCTAGGATCGATCGTACGATCGTAGCTAGCATCGATCGTACCGTAGCTAGCTAGGCTAGCTAGGATCGATCGTAGCTAGGCTAGCTAGCATCGATCGTACGATCGTAGCTAGCTAGGATCGATCGTACGATCGTAGCTAGCATCGATCGTACCGTAGCTAGCTAGGCTAGCTAGGATCGATCGTAGCTAGGCTAGCTAGCATCGATCGTACGATCGTAGCTAGCTAGGATCGATCGTACGATCGTAGCTAGCATCGATCGTACCGTAGCTAGCTAGGCTAGCTAGGATCGATCGTAGCTAGGCTAGCTAGCATCGATCGTACGATCGTAGCTAGCTAGGATCGATCGTACGATCGTAGCTAGCATCGATCGTACCGTAGCTAGCTAGGCTAGCTAGGATCGATCGTAGCTAGGCTAGCTAGCATCGATCGTACGATCGTAGCTAGCTAGGATCGATCGTACGATCGTAGCTAGCA,custom marker,user supplied marker,,,,COI Animals / BOLD public clustered reference,GBIF Sequence ID-compatible COI BLAST workflow; ruleset barcode-gbif-compiler-v2,identity=99.6; queryCoverage=96.0,GBIF Sequence ID-compatible COI BLAST workflow; ruleset barcode-gbif-compiler-v2,,,,,https://www.gbif.org/tools/sequence-id,genus-safe by barcode-gbif-compiler-v2; match=exact; top=Aedes albopictus identity=99.6 coverage=96.0; candidate rank=genus; published rank=genus; publication stage=record_recommended_ready; export state=dwc_template_ready.
urn:ecogenesis:adversarial:ADV100-073-genome_segment_non_barcode_marker,ADV100-073-genome_segment_non_barcode_marker,5695d927022faccbcccb799d5f7b228b,ACGTTGACCTAGGCTTACGATCGTACCGATGCTAGCTAGGATCCGATCGTACGATCGTAGCTAGCATCGGATCGTACCGTAGCTAGCTAGGCTAGCTAGGATCGATCGTAGCTAGGCTAGCTAGCATCGATCGTACGATCGTAGCTAGCTAGGATCGATCGTACGATCGTAGCTAGCATCGATCGTACCGTAGCTAGCTAGGCTAGCTAGGATCGATCGTAGCTAGGCTAGCTAGCATCGATCGTACGATCGTAGCTAGCTAGGATCGATCGTACGATCGTAGCTAGCATCGATCGTACCGTAGCTAGCTAGGCTAGCTAGGATCGATCGTAGCTAGGCTAGCTAGCATCGATCGTACGATCGTAGCTAGCTAGGATCGATCGTACGATCGTAGCTAGCATCGATCGTACCGTAGCTAGCTAGGCTAGCTAGGATCGATCGTAGCTAGGCTAGCTAGCATCGATCGTACGATCGTAGCTAGCTAGGATCGATCGTACGATCGTAGCTAGCATCGATCGTACCGTAGCTAGCTAGGCTAGCTAGGATCGATCGTAGCTAGGCTAGCTAGCATCGATCGTACGATCGTAGCTAGCTAGGATCGATCGTACGATCGTAGCTAGCA,custom marker,user supplied marker,,,,COI Animals / BOLD public clustered reference,GBIF Sequence ID-compatible COI BLAST workflow; ruleset barcode-gbif-compiler-v2,identity=99.6; queryCoverage=96.0,GBIF Sequence ID-compatible COI BLAST workflow; ruleset barcode-gbif-compiler-v2,,,,,https://www.gbif.org/tools/sequence-id,genus-safe by barcode-gbif-compiler-v2; match=exact; top=Aedes albopictus identity=99.6 coverage=96.0; candidate rank=genus; published rank=genus; publication stage=record_recommended_ready; export state=dwc_template_ready.
urn:ecogenesis:adversarial:ADV100-074-genome_segment_non_barcode_marker,ADV100-074-genome_segment_non_barcode_marker,5695d927022faccbcccb799d5f7b228b,ACGTTGACCTAGGCTTACGATCGTACCGATGCTAGCTAGGATCCGATCGTACGATCGTAGCTAGCATCGGATCGTACCGTAGCTAGCTAGGCTAGCTAGGATCGATCGTAGCTAGGCTAGCTAGCATCGATCGTACGATCGTAGCTAGCTAGGATCGATCGTACGATCGTAGCTAGCATCGATCGTACCGTAGCTAGCTAGGCTAGCTAGGATCGATCGTAGCTAGGCTAGCTAGCATCGATCGTACGATCGTAGCTAGCTAGGATCGATCGTACGATCGTAGCTAGCATCGATCGTACCGTAGCTAGCTAGGCTAGCTAGGATCGATCGTAGCTAGGCTAGCTAGCATCGATCGTACGATCGTAGCTAGCTAGGATCGATCGTACGATCGTAGCTAGCATCGATCGTACCGTAGCTAGCTAGGCTAGCTAGGATCGATCGTAGCTAGGCTAGCTAGCATCGATCGTACGATCGTAGCTAGCTAGGATCGATCGTACGATCGTAGCTAGCATCGATCGTACCGTAGCTAGCTAGGCTAGCTAGGATCGATCGTAGCTAGGCTAGCTAGCATCGATCGTACGATCGTAGCTAGCTAGGATCGATCGTACGATCGTAGCTAGCA,custom marker,user supplied marker,,,,COI Animals / BOLD public clustered reference,GBIF Sequence ID-compatible COI BLAST workflow; ruleset barcode-gbif-compiler-v2,identity=99.6; queryCoverage=96.0,GBIF Sequence ID-compatible COI BLAST workflow; ruleset barcode-gbif-compiler-v2,,,,,https://www.gbif.org/tools/sequence-id,genus-safe by barcode-gbif-compiler-v2; match=exact; top=Aedes albopictus identity=99.6 coverage=96.0; candidate rank=genus; published rank=genus; publication stage=record_recommended_ready; export state=dwc_template_ready.
urn:ecogenesis:adversarial:ADV100-075-genome_segment_non_barcode_marker,ADV100-075-genome_segment_non_barcode_marker,5695d927022faccbcccb799d5f7b228b,ACGTTGACCTAGGCTTACGATCGTACCGATGCTAGCTAGGATCCGATCGTACGATCGTAGCTAGCATCGGATCGTACCGTAGCTAGCTAGGCTAGCTAGGATCGATCGTAGCTAGGCTAGCTAGCATCGATCGTACGATCGTAGCTAGCTAGGATCGATCGTACGATCGTAGCTAGCATCGATCGTACCGTAGCTAGCTAGGCTAGCTAGGATCGATCGTAGCTAGGCTAGCTAGCATCGATCGTACGATCGTAGCTAGCTAGGATCGATCGTACGATCGTAGCTAGCATCGATCGTACCGTAGCTAGCTAGGCTAGCTAGGATCGATCGTAGCTAGGCTAGCTAGCATCGATCGTACGATCGTAGCTAGCTAGGATCGATCGTACGATCGTAGCTAGCATCGATCGTACCGTAGCTAGCTAGGCTAGCTAGGATCGATCGTAGCTAGGCTAGCTAGCATCGATCGTACGATCGTAGCTAGCTAGGATCGATCGTACGATCGTAGCTAGCATCGATCGTACCGTAGCTAGCTAGGCTAGCTAGGATCGATCGTAGCTAGGCTAGCTAGCATCGATCGTACGATCGTAGCTAGCTAGGATCGATCGTACGATCGTAGCTAGCA,custom marker,user supplied marker,,,,COI Animals / BOLD public clustered reference,GBIF Sequence ID-compatible COI BLAST workflow; ruleset barcode-gbif-compiler-v2,identity=99.6; queryCoverage=96.0,GBIF Sequence ID-compatible COI BLAST workflow; ruleset barcode-gbif-compiler-v2,,,,,https://www.gbif.org/tools/sequence-id,genus-safe by barcode-gbif-compiler-v2; match=exact; top=Aedes albopictus identity=99.6 coverage=96.0; candidate rank=genus; published rank=genus; publication stage=record_recommended_ready; export state=dwc_template_ready.
urn:ecogenesis:adversarial:ADV100-076-genome_segment_non_barcode_marker,ADV100-076-genome_segment_non_barcode_marker,5695d927022faccbcccb799d5f7b228b,ACGTTGACCTAGGCTTACGATCGTACCGATGCTAGCTAGGATCCGATCGTACGATCGTAGCTAGCATCGGATCGTACCGTAGCTAGCTAGGCTAGCTAGGATCGATCGTAGCTAGGCTAGCTAGCATCGATCGTACGATCGTAGCTAGCTAGGATCGATCGTACGATCGTAGCTAGCATCGATCGTACCGTAGCTAGCTAGGCTAGCTAGGATCGATCGTAGCTAGGCTAGCTAGCATCGATCGTACGATCGTAGCTAGCTAGGATCGATCGTACGATCGTAGCTAGCATCGATCGTACCGTAGCTAGCTAGGCTAGCTAGGATCGATCGTAGCTAGGCTAGCTAGCATCGATCGTACGATCGTAGCTAGCTAGGATCGATCGTACGATCGTAGCTAGCATCGATCGTACCGTAGCTAGCTAGGCTAGCTAGGATCGATCGTAGCTAGGCTAGCTAGCATCGATCGTACGATCGTAGCTAGCTAGGATCGATCGTACGATCGTAGCTAGCATCGATCGTACCGTAGCTAGCTAGGCTAGCTAGGATCGATCGTAGCTAGGCTAGCTAGCATCGATCGTACGATCGTAGCTAGCTAGGATCGATCGTACGATCGTAGCTAGCA,custom marker,user supplied marker,,,,COI Animals / BOLD public clustered reference,GBIF Sequence ID-compatible COI BLAST workflow; ruleset barcode-gbif-compiler-v2,identity=99.6; queryCoverage=96.0,GBIF Sequence ID-compatible COI BLAST workflow; ruleset barcode-gbif-compiler-v2,,,,,https://www.gbif.org/tools/sequence-id,genus-safe by barcode-gbif-compiler-v2; match=exact; top=Aedes albopictus identity=99.6 coverage=96.0; candidate rank=genus; published rank=genus; publication stage=record_recommended_ready; export state=dwc_template_ready.
urn:ecogenesis:adversarial:ADV100-077-genome_segment_non_barcode_marker,ADV100-077-genome_segment_non_barcode_marker,5695d927022faccbcccb799d5f7b228b,ACGTTGACCTAGGCTTACGATCGTACCGATGCTAGCTAGGATCCGATCGTACGATCGTAGCTAGCATCGGATCGTACCGTAGCTAGCTAGGCTAGCTAGGATCGATCGTAGCTAGGCTAGCTAGCATCGATCGTACGATCGTAGCTAGCTAGGATCGATCGTACGATCGTAGCTAGCATCGATCGTACCGTAGCTAGCTAGGCTAGCTAGGATCGATCGTAGCTAGGCTAGCTAGCATCGATCGTACGATCGTAGCTAGCTAGGATCGATCGTACGATCGTAGCTAGCATCGATCGTACCGTAGCTAGCTAGGCTAGCTAGGATCGATCGTAGCTAGGCTAGCTAGCATCGATCGTACGATCGTAGCTAGCTAGGATCGATCGTACGATCGTAGCTAGCATCGATCGTACCGTAGCTAGCTAGGCTAGCTAGGATCGATCGTAGCTAGGCTAGCTAGCATCGATCGTACGATCGTAGCTAGCTAGGATCGATCGTACGATCGTAGCTAGCATCGATCGTACCGTAGCTAGCTAGGCTAGCTAGGATCGATCGTAGCTAGGCTAGCTAGCATCGATCGTACGATCGTAGCTAGCTAGGATCGATCGTACGATCGTAGCTAGCA,custom marker,user supplied marker,,,,COI Animals / BOLD public clustered reference,GBIF Sequence ID-compatible COI BLAST workflow; ruleset barcode-gbif-compiler-v2,identity=99.6; queryCoverage=96.0,GBIF Sequence ID-compatible COI BLAST workflow; ruleset barcode-gbif-compiler-v2,,,,,https://www.gbif.org/tools/sequence-id,genus-safe by barcode-gbif-compiler-v2; match=exact; top=Aedes albopictus identity=99.6 coverage=96.0; candidate rank=genus; published rank=genus; publication stage=record_recommended_ready; export state=dwc_template_ready.
urn:ecogenesis:adversarial:ADV100-078-genome_segment_non_barcode_marker,ADV100-078-genome_segment_non_barcode_marker,5695d927022faccbcccb799d5f7b228b,ACGTTGACCTAGGCTTACGATCGTACCGATGCTAGCTAGGATCCGATCGTACGATCGTAGCTAGCATCGGATCGTACCGTAGCTAGCTAGGCTAGCTAGGATCGATCGTAGCTAGGCTAGCTAGCATCGATCGTACGATCGTAGCTAGCTAGGATCGATCGTACGATCGTAGCTAGCATCGATCGTACCGTAGCTAGCTAGGCTAGCTAGGATCGATCGTAGCTAGGCTAGCTAGCATCGATCGTACGATCGTAGCTAGCTAGGATCGATCGTACGATCGTAGCTAGCATCGATCGTACCGTAGCTAGCTAGGCTAGCTAGGATCGATCGTAGCTAGGCTAGCTAGCATCGATCGTACGATCGTAGCTAGCTAGGATCGATCGTACGATCGTAGCTAGCATCGATCGTACCGTAGCTAGCTAGGCTAGCTAGGATCGATCGTAGCTAGGCTAGCTAGCATCGATCGTACGATCGTAGCTAGCTAGGATCGATCGTACGATCGTAGCTAGCATCGATCGTACCGTAGCTAGCTAGGCTAGCTAGGATCGATCGTAGCTAGGCTAGCTAGCATCGATCGTACGATCGTAGCTAGCTAGGATCGATCGTACGATCGTAGCTAGCA,custom marker,user supplied marker,,,,COI Animals / BOLD public clustered reference,GBIF Sequence ID-compatible COI BLAST workflow; ruleset barcode-gbif-compiler-v2,identity=99.6; queryCoverage=96.0,GBIF Sequence ID-compatible COI BLAST workflow; ruleset barcode-gbif-compiler-v2,,,,,https://www.gbif.org/tools/sequence-id,genus-safe by barcode-gbif-compiler-v2; match=exact; top=Aedes albopictus identity=99.6 coverage=96.0; candidate rank=genus; published rank=genus; publication stage=record_recommended_ready; export state=dwc_template_ready.
urn:ecogenesis:adversarial:ADV100-079-genome_segment_non_barcode_marker,ADV100-079-genome_segment_non_barcode_marker,5695d927022faccbcccb799d5f7b228b,ACGTTGACCTAGGCTTACGATCGTACCGATGCTAGCTAGGATCCGATCGTACGATCGTAGCTAGCATCGGATCGTACCGTAGCTAGCTAGGCTAGCTAGGATCGATCGTAGCTAGGCTAGCTAGCATCGATCGTACGATCGTAGCTAGCTAGGATCGATCGTACGATCGTAGCTAGCATCGATCGTACCGTAGCTAGCTAGGCTAGCTAGGATCGATCGTAGCTAGGCTAGCTAGCATCGATCGTACGATCGTAGCTAGCTAGGATCGATCGTACGATCGTAGCTAGCATCGATCGTACCGTAGCTAGCTAGGCTAGCTAGGATCGATCGTAGCTAGGCTAGCTAGCATCGATCGTACGATCGTAGCTAGCTAGGATCGATCGTACGATCGTAGCTAGCATCGATCGTACCGTAGCTAGCTAGGCTAGCTAGGATCGATCGTAGCTAGGCTAGCTAGCATCGATCGTACGATCGTAGCTAGCTAGGATCGATCGTACGATCGTAGCTAGCATCGATCGTACCGTAGCTAGCTAGGCTAGCTAGGATCGATCGTAGCTAGGCTAGCTAGCATCGATCGTACGATCGTAGCTAGCTAGGATCGATCGTACGATCGTAGCTAGCA,custom marker,user supplied marker,,,,COI Animals / BOLD public clustered reference,GBIF Sequence ID-compatible COI BLAST workflow; ruleset barcode-gbif-compiler-v2,identity=99.6; queryCoverage=96.0,GBIF Sequence ID-compatible COI BLAST workflow; ruleset barcode-gbif-compiler-v2,,,,,https://www.gbif.org/tools/sequence-id,genus-safe by barcode-gbif-compiler-v2; match=exact; top=Aedes albopictus identity=99.6 coverage=96.0; candidate rank=genus; published rank=genus; publication stage=record_recommended_ready; export state=dwc_template_ready.
urn:ecogenesis:adversarial:ADV100-080-genome_segment_non_barcode_marker,ADV100-080-genome_segment_non_barcode_marker,5695d927022faccbcccb799d5f7b228b,ACGTTGACCTAGGCTTACGATCGTACCGATGCTAGCTAGGATCCGATCGTACGATCGTAGCTAGCATCGGATCGTACCGTAGCTAGCTAGGCTAGCTAGGATCGATCGTAGCTAGGCTAGCTAGCATCGATCGTACGATCGTAGCTAGCTAGGATCGATCGTACGATCGTAGCTAGCATCGATCGTACCGTAGCTAGCTAGGCTAGCTAGGATCGATCGTAGCTAGGCTAGCTAGCATCGATCGTACGATCGTAGCTAGCTAGGATCGATCGTACGATCGTAGCTAGCATCGATCGTACCGTAGCTAGCTAGGCTAGCTAGGATCGATCGTAGCTAGGCTAGCTAGCATCGATCGTACGATCGTAGCTAGCTAGGATCGATCGTACGATCGTAGCTAGCATCGATCGTACCGTAGCTAGCTAGGCTAGCTAGGATCGATCGTAGCTAGGCTAGCTAGCATCGATCGTACGATCGTAGCTAGCTAGGATCGATCGTACGATCGTAGCTAGCATCGATCGTACCGTAGCTAGCTAGGCTAGCTAGGATCGATCGTAGCTAGGCTAGCTAGCATCGATCGTACGATCGTAGCTAGCTAGGATCGATCGTACGATCGTAGCTAGCA,custom marker,user supplied marker,,,,COI Animals / BOLD public clustered reference,GBIF Sequence ID-compatible COI BLAST workflow; ruleset barcode-gbif-compiler-v2,identity=99.6; queryCoverage=96.0,GBIF Sequence ID-compatible COI BLAST workflow; ruleset barcode-gbif-compiler-v2,,,,,https://www.gbif.org/tools/sequence-id,genus-safe by barcode-gbif-compiler-v2; match=exact; top=Aedes albopictus identity=99.6 coverage=96.0; candidate rank=genus; published rank=genus; publication stage=record_recommended_ready; export state=dwc_template_ready.
