sequenceID,decisionClass,taxonomicStatus,publicationStatus,publicationStage,publicationBucket,exportState,referenceCompletenessStatus,markerProfile,assayType,candidateTaxon,candidateRank,publishedTaxon,publishedRank,matchType,topHit,identity,queryCoverage,barcodeGap,diagnosticKmerSupport,diagnosticPFalsePositive,blockers
ADV100-001-true_species_safe_positive,species-safe,species-safe,record-ready,record_recommended_ready,publishable_candidate,dwc_template_ready,not_measured_without_external_reference_audit,coi_full_barcode,single_specimen_barcode,Aedes albopictus,species,Aedes albopictus,species,exact,Aedes albopictus,99.6,96.0,0.009,3,1.7e-06,
ADV100-002-true_species_safe_positive,species-safe,species-safe,record-ready,record_recommended_ready,publishable_candidate,dwc_template_ready,not_measured_without_external_reference_audit,coi_full_barcode,single_specimen_barcode,Aedes albopictus,species,Aedes albopictus,species,exact,Aedes albopictus,99.6,96.0,0.009,3,1.7e-06,
ADV100-003-true_species_safe_positive,species-safe,species-safe,record-ready,record_recommended_ready,publishable_candidate,dwc_template_ready,not_measured_without_external_reference_audit,coi_full_barcode,single_specimen_barcode,Aedes albopictus,species,Aedes albopictus,species,exact,Aedes albopictus,99.6,96.0,0.009,3,1.7e-06,
ADV100-004-true_species_safe_positive,species-safe,species-safe,record-ready,record_recommended_ready,publishable_candidate,dwc_template_ready,not_measured_without_external_reference_audit,coi_full_barcode,single_specimen_barcode,Aedes albopictus,species,Aedes albopictus,species,exact,Aedes albopictus,99.6,96.0,0.009,3,1.7e-06,
ADV100-005-true_species_safe_positive,species-safe,species-safe,record-ready,record_recommended_ready,publishable_candidate,dwc_template_ready,not_measured_without_external_reference_audit,coi_full_barcode,single_specimen_barcode,Aedes albopictus,species,Aedes albopictus,species,exact,Aedes albopictus,99.6,96.0,0.009,3,1.7e-06,
ADV100-006-true_species_safe_positive,species-safe,species-safe,record-ready,record_recommended_ready,publishable_candidate,dwc_template_ready,not_measured_without_external_reference_audit,coi_full_barcode,single_specimen_barcode,Aedes albopictus,species,Aedes albopictus,species,exact,Aedes albopictus,99.6,96.0,0.009,3,1.7e-06,
ADV100-007-true_species_safe_positive,species-safe,species-safe,record-ready,record_recommended_ready,publishable_candidate,dwc_template_ready,not_measured_without_external_reference_audit,coi_full_barcode,single_specimen_barcode,Aedes albopictus,species,Aedes albopictus,species,exact,Aedes albopictus,99.6,96.0,0.009,3,1.7e-06,
ADV100-008-true_species_safe_positive,species-safe,species-safe,record-ready,record_recommended_ready,publishable_candidate,dwc_template_ready,not_measured_without_external_reference_audit,coi_full_barcode,single_specimen_barcode,Aedes albopictus,species,Aedes albopictus,species,exact,Aedes albopictus,99.6,96.0,0.009,3,1.7e-06,
ADV100-009-true_species_safe_positive,species-safe,species-safe,record-ready,record_recommended_ready,publishable_candidate,dwc_template_ready,not_measured_without_external_reference_audit,coi_full_barcode,single_specimen_barcode,Aedes albopictus,species,Aedes albopictus,species,exact,Aedes albopictus,99.6,96.0,0.009,3,1.7e-06,
ADV100-010-true_species_safe_positive,species-safe,species-safe,record-ready,record_recommended_ready,publishable_candidate,dwc_template_ready,not_measured_without_external_reference_audit,coi_full_barcode,single_specimen_barcode,Aedes albopictus,species,Aedes albopictus,species,exact,Aedes albopictus,99.6,96.0,0.009,3,1.7e-06,
ADV100-011-close_sibling_ambiguity,genus-safe,genus-safe,record-ready,record_recommended_ready,publishable_candidate,dwc_template_ready,not_measured_without_external_reference_audit,coi_full_barcode,single_specimen_barcode,Aedes,genus,Aedes,genus,exact,Aedes albopictus,99.4,96.0,0.009,3,1.7e-06,species claim blocked: statistically indistinguishable competitors collapse the safe rank to genus
ADV100-012-close_sibling_ambiguity,genus-safe,genus-safe,record-ready,record_recommended_ready,publishable_candidate,dwc_template_ready,not_measured_without_external_reference_audit,coi_full_barcode,single_specimen_barcode,Aedes,genus,Aedes,genus,exact,Aedes albopictus,99.4,96.0,0.009,3,1.7e-06,species claim blocked: statistically indistinguishable competitors collapse the safe rank to genus
ADV100-013-close_sibling_ambiguity,genus-safe,genus-safe,record-ready,record_recommended_ready,publishable_candidate,dwc_template_ready,not_measured_without_external_reference_audit,coi_full_barcode,single_specimen_barcode,Aedes,genus,Aedes,genus,exact,Aedes albopictus,99.4,96.0,0.009,3,1.7e-06,species claim blocked: statistically indistinguishable competitors collapse the safe rank to genus
ADV100-014-close_sibling_ambiguity,genus-safe,genus-safe,record-ready,record_recommended_ready,publishable_candidate,dwc_template_ready,not_measured_without_external_reference_audit,coi_full_barcode,single_specimen_barcode,Aedes,genus,Aedes,genus,exact,Aedes albopictus,99.4,96.0,0.009,3,1.7e-06,species claim blocked: statistically indistinguishable competitors collapse the safe rank to genus
ADV100-015-close_sibling_ambiguity,genus-safe,genus-safe,record-ready,record_recommended_ready,publishable_candidate,dwc_template_ready,not_measured_without_external_reference_audit,coi_full_barcode,single_specimen_barcode,Aedes,genus,Aedes,genus,exact,Aedes albopictus,99.4,96.0,0.009,3,1.7e-06,species claim blocked: statistically indistinguishable competitors collapse the safe rank to genus
ADV100-016-close_sibling_ambiguity,genus-safe,genus-safe,record-ready,record_recommended_ready,publishable_candidate,dwc_template_ready,not_measured_without_external_reference_audit,coi_full_barcode,single_specimen_barcode,Aedes,genus,Aedes,genus,exact,Aedes albopictus,99.4,96.0,0.009,3,1.7e-06,species claim blocked: statistically indistinguishable competitors collapse the safe rank to genus
ADV100-017-close_sibling_ambiguity,genus-safe,genus-safe,record-ready,record_recommended_ready,publishable_candidate,dwc_template_ready,not_measured_without_external_reference_audit,coi_full_barcode,single_specimen_barcode,Aedes,genus,Aedes,genus,exact,Aedes albopictus,99.4,96.0,0.009,3,1.7e-06,species claim blocked: statistically indistinguishable competitors collapse the safe rank to genus
ADV100-018-close_sibling_ambiguity,genus-safe,genus-safe,record-ready,record_recommended_ready,publishable_candidate,dwc_template_ready,not_measured_without_external_reference_audit,coi_full_barcode,single_specimen_barcode,Aedes,genus,Aedes,genus,exact,Aedes albopictus,99.4,96.0,0.009,3,1.7e-06,species claim blocked: statistically indistinguishable competitors collapse the safe rank to genus
ADV100-019-close_sibling_ambiguity,genus-safe,genus-safe,record-ready,record_recommended_ready,publishable_candidate,dwc_template_ready,not_measured_without_external_reference_audit,coi_full_barcode,single_specimen_barcode,Aedes,genus,Aedes,genus,exact,Aedes albopictus,99.4,96.0,0.009,3,1.7e-06,species claim blocked: statistically indistinguishable competitors collapse the safe rank to genus
ADV100-020-close_sibling_ambiguity,genus-safe,genus-safe,record-ready,record_recommended_ready,publishable_candidate,dwc_template_ready,not_measured_without_external_reference_audit,coi_full_barcode,single_specimen_barcode,Aedes,genus,Aedes,genus,exact,Aedes albopictus,99.4,96.0,0.009,3,1.7e-06,species claim blocked: statistically indistinguishable competitors collapse the safe rank to genus
ADV100-021-weak_coverage_short_fragment,weak,weak,not-ready,record_recommended_ready,repair_required,review_only,not_measured_without_external_reference_audit,coi_full_barcode,single_specimen_barcode,Aedes albopictus,species,None,none,weak,Aedes albopictus,99.5,72.0,0.009,3,1.7e-06,species claim blocked: top hit does not pass coi_full_barcode exact gate identity >= 99% and query coverage >= 80%; species claim blocked: query coverage < 80%
ADV100-022-weak_coverage_short_fragment,weak,weak,not-ready,record_recommended_ready,repair_required,review_only,not_measured_without_external_reference_audit,coi_full_barcode,single_specimen_barcode,Aedes albopictus,species,None,none,weak,Aedes albopictus,99.5,72.0,0.009,3,1.7e-06,species claim blocked: top hit does not pass coi_full_barcode exact gate identity >= 99% and query coverage >= 80%; species claim blocked: query coverage < 80%
ADV100-023-weak_coverage_short_fragment,weak,weak,not-ready,record_recommended_ready,repair_required,review_only,not_measured_without_external_reference_audit,coi_full_barcode,single_specimen_barcode,Aedes albopictus,species,None,none,weak,Aedes albopictus,99.5,72.0,0.009,3,1.7e-06,species claim blocked: top hit does not pass coi_full_barcode exact gate identity >= 99% and query coverage >= 80%; species claim blocked: query coverage < 80%
ADV100-024-weak_coverage_short_fragment,weak,weak,not-ready,record_recommended_ready,repair_required,review_only,not_measured_without_external_reference_audit,coi_full_barcode,single_specimen_barcode,Aedes albopictus,species,None,none,weak,Aedes albopictus,99.5,72.0,0.009,3,1.7e-06,species claim blocked: top hit does not pass coi_full_barcode exact gate identity >= 99% and query coverage >= 80%; species claim blocked: query coverage < 80%
ADV100-025-weak_coverage_short_fragment,weak,weak,not-ready,record_recommended_ready,repair_required,review_only,not_measured_without_external_reference_audit,coi_full_barcode,single_specimen_barcode,Aedes albopictus,species,None,none,weak,Aedes albopictus,99.5,72.0,0.009,3,1.7e-06,species claim blocked: top hit does not pass coi_full_barcode exact gate identity >= 99% and query coverage >= 80%; species claim blocked: query coverage < 80%
ADV100-026-weak_coverage_short_fragment,weak,weak,not-ready,record_recommended_ready,repair_required,review_only,not_measured_without_external_reference_audit,coi_full_barcode,single_specimen_barcode,Aedes albopictus,species,None,none,weak,Aedes albopictus,99.5,72.0,0.009,3,1.7e-06,species claim blocked: top hit does not pass coi_full_barcode exact gate identity >= 99% and query coverage >= 80%; species claim blocked: query coverage < 80%
ADV100-027-weak_coverage_short_fragment,weak,weak,not-ready,record_recommended_ready,repair_required,review_only,not_measured_without_external_reference_audit,coi_full_barcode,single_specimen_barcode,Aedes albopictus,species,None,none,weak,Aedes albopictus,99.5,72.0,0.009,3,1.7e-06,species claim blocked: top hit does not pass coi_full_barcode exact gate identity >= 99% and query coverage >= 80%; species claim blocked: query coverage < 80%
ADV100-028-weak_coverage_short_fragment,weak,weak,not-ready,record_recommended_ready,repair_required,review_only,not_measured_without_external_reference_audit,coi_full_barcode,single_specimen_barcode,Aedes albopictus,species,None,none,weak,Aedes albopictus,99.5,72.0,0.009,3,1.7e-06,species claim blocked: top hit does not pass coi_full_barcode exact gate identity >= 99% and query coverage >= 80%; species claim blocked: query coverage < 80%
ADV100-029-weak_coverage_short_fragment,weak,weak,not-ready,record_recommended_ready,repair_required,review_only,not_measured_without_external_reference_audit,coi_full_barcode,single_specimen_barcode,Aedes albopictus,species,None,none,weak,Aedes albopictus,99.5,72.0,0.009,3,1.7e-06,species claim blocked: top hit does not pass coi_full_barcode exact gate identity >= 99% and query coverage >= 80%; species claim blocked: query coverage < 80%
ADV100-030-weak_coverage_short_fragment,weak,weak,not-ready,record_recommended_ready,repair_required,review_only,not_measured_without_external_reference_audit,coi_full_barcode,single_specimen_barcode,Aedes albopictus,species,None,none,weak,Aedes albopictus,99.5,72.0,0.009,3,1.7e-06,species claim blocked: top hit does not pass coi_full_barcode exact gate identity >= 99% and query coverage >= 80%; species claim blocked: query coverage < 80%
ADV100-031-no_match_novel_lineage,no-match,no-match,not-ready,record_recommended_ready,repair_required,review_only,not_measured_without_external_reference_audit,coi_full_barcode,single_specimen_barcode,No match,none,None,none,no_match,,,,,0,,no reference hit returned
ADV100-032-no_match_novel_lineage,no-match,no-match,not-ready,record_recommended_ready,repair_required,review_only,not_measured_without_external_reference_audit,coi_full_barcode,single_specimen_barcode,No match,none,None,none,no_match,,,,,0,,no reference hit returned
ADV100-033-no_match_novel_lineage,no-match,no-match,not-ready,record_recommended_ready,repair_required,review_only,not_measured_without_external_reference_audit,coi_full_barcode,single_specimen_barcode,No match,none,None,none,no_match,,,,,0,,no reference hit returned
ADV100-034-no_match_novel_lineage,no-match,no-match,not-ready,record_recommended_ready,repair_required,review_only,not_measured_without_external_reference_audit,coi_full_barcode,single_specimen_barcode,No match,none,None,none,no_match,,,,,0,,no reference hit returned
ADV100-035-no_match_novel_lineage,no-match,no-match,not-ready,record_recommended_ready,repair_required,review_only,not_measured_without_external_reference_audit,coi_full_barcode,single_specimen_barcode,No match,none,None,none,no_match,,,,,0,,no reference hit returned
ADV100-036-no_match_novel_lineage,no-match,no-match,not-ready,record_recommended_ready,repair_required,review_only,not_measured_without_external_reference_audit,coi_full_barcode,single_specimen_barcode,No match,none,None,none,no_match,,,,,0,,no reference hit returned
ADV100-037-no_match_novel_lineage,no-match,no-match,not-ready,record_recommended_ready,repair_required,review_only,not_measured_without_external_reference_audit,coi_full_barcode,single_specimen_barcode,No match,none,None,none,no_match,,,,,0,,no reference hit returned
ADV100-038-no_match_novel_lineage,no-match,no-match,not-ready,record_recommended_ready,repair_required,review_only,not_measured_without_external_reference_audit,coi_full_barcode,single_specimen_barcode,No match,none,None,none,no_match,,,,,0,,no reference hit returned
ADV100-039-no_match_novel_lineage,no-match,no-match,not-ready,record_recommended_ready,repair_required,review_only,not_measured_without_external_reference_audit,coi_full_barcode,single_specimen_barcode,No match,none,None,none,no_match,,,,,0,,no reference hit returned
ADV100-040-no_match_novel_lineage,no-match,no-match,not-ready,record_recommended_ready,repair_required,review_only,not_measured_without_external_reference_audit,coi_full_barcode,single_specimen_barcode,No match,none,None,none,no_match,,,,,0,,no reference hit returned
ADV100-041-metadata_blocked_taxonomy_safe,not-publishable,species-safe,not-ready,record_not_ready,repair_required,evidence_publishable_repair_required,not_measured_without_external_reference_audit,coi_full_barcode,single_specimen_barcode,Aedes albopictus,species,None,none,exact,Aedes albopictus,99.6,96.0,0.009,3,1.7e-06,publication blocked: missing required Occurrence core field occurrenceID; publication blocked: missing required Occurrence core field eventDate
ADV100-042-metadata_blocked_taxonomy_safe,not-publishable,species-safe,not-ready,record_not_ready,repair_required,evidence_publishable_repair_required,not_measured_without_external_reference_audit,coi_full_barcode,single_specimen_barcode,Aedes albopictus,species,None,none,exact,Aedes albopictus,99.6,96.0,0.009,3,1.7e-06,publication blocked: missing required Occurrence core field occurrenceID; publication blocked: missing required Occurrence core field eventDate
ADV100-043-metadata_blocked_taxonomy_safe,not-publishable,species-safe,not-ready,record_not_ready,repair_required,evidence_publishable_repair_required,not_measured_without_external_reference_audit,coi_full_barcode,single_specimen_barcode,Aedes albopictus,species,None,none,exact,Aedes albopictus,99.6,96.0,0.009,3,1.7e-06,publication blocked: missing required Occurrence core field occurrenceID; publication blocked: missing required Occurrence core field eventDate
ADV100-044-metadata_blocked_taxonomy_safe,not-publishable,species-safe,not-ready,record_not_ready,repair_required,evidence_publishable_repair_required,not_measured_without_external_reference_audit,coi_full_barcode,single_specimen_barcode,Aedes albopictus,species,None,none,exact,Aedes albopictus,99.6,96.0,0.009,3,1.7e-06,publication blocked: missing required Occurrence core field occurrenceID; publication blocked: missing required Occurrence core field eventDate
ADV100-045-metadata_blocked_taxonomy_safe,not-publishable,species-safe,not-ready,record_not_ready,repair_required,evidence_publishable_repair_required,not_measured_without_external_reference_audit,coi_full_barcode,single_specimen_barcode,Aedes albopictus,species,None,none,exact,Aedes albopictus,99.6,96.0,0.009,3,1.7e-06,publication blocked: missing required Occurrence core field occurrenceID; publication blocked: missing required Occurrence core field eventDate
ADV100-046-metadata_blocked_taxonomy_safe,not-publishable,species-safe,not-ready,record_not_ready,repair_required,evidence_publishable_repair_required,not_measured_without_external_reference_audit,coi_full_barcode,single_specimen_barcode,Aedes albopictus,species,None,none,exact,Aedes albopictus,99.6,96.0,0.009,3,1.7e-06,publication blocked: missing required Occurrence core field occurrenceID; publication blocked: missing required Occurrence core field eventDate
ADV100-047-metadata_blocked_taxonomy_safe,not-publishable,species-safe,not-ready,record_not_ready,repair_required,evidence_publishable_repair_required,not_measured_without_external_reference_audit,coi_full_barcode,single_specimen_barcode,Aedes albopictus,species,None,none,exact,Aedes albopictus,99.6,96.0,0.009,3,1.7e-06,publication blocked: missing required Occurrence core field occurrenceID; publication blocked: missing required Occurrence core field eventDate
ADV100-048-metadata_blocked_taxonomy_safe,not-publishable,species-safe,not-ready,record_not_ready,repair_required,evidence_publishable_repair_required,not_measured_without_external_reference_audit,coi_full_barcode,single_specimen_barcode,Aedes albopictus,species,None,none,exact,Aedes albopictus,99.6,96.0,0.009,3,1.7e-06,publication blocked: missing required Occurrence core field occurrenceID; publication blocked: missing required Occurrence core field eventDate
ADV100-049-metadata_blocked_taxonomy_safe,not-publishable,species-safe,not-ready,record_not_ready,repair_required,evidence_publishable_repair_required,not_measured_without_external_reference_audit,coi_full_barcode,single_specimen_barcode,Aedes albopictus,species,None,none,exact,Aedes albopictus,99.6,96.0,0.009,3,1.7e-06,publication blocked: missing required Occurrence core field occurrenceID; publication blocked: missing required Occurrence core field eventDate
ADV100-050-metadata_blocked_taxonomy_safe,not-publishable,species-safe,not-ready,record_not_ready,repair_required,evidence_publishable_repair_required,not_measured_without_external_reference_audit,coi_full_barcode,single_specimen_barcode,Aedes albopictus,species,None,none,exact,Aedes albopictus,99.6,96.0,0.009,3,1.7e-06,publication blocked: missing required Occurrence core field occurrenceID; publication blocked: missing required Occurrence core field eventDate
ADV100-051-assay_control_failure,not-publishable,species-safe,not-ready,record_not_ready,repair_required,evidence_publishable_repair_required,not_measured_without_external_reference_audit,coi_full_barcode,qpcr_ddpcr,Aedes albopictus,species,None,none,exact,Aedes albopictus,99.6,96.0,0.009,3,1.7e-06,"assay gate blocked publication: missing occurrenceStatus, contaminationAssessment for qpcr_ddpcr"
ADV100-052-assay_control_failure,not-publishable,species-safe,not-ready,record_not_ready,repair_required,evidence_publishable_repair_required,not_measured_without_external_reference_audit,coi_full_barcode,qpcr_ddpcr,Aedes albopictus,species,None,none,exact,Aedes albopictus,99.6,96.0,0.009,3,1.7e-06,"assay gate blocked publication: missing occurrenceStatus, contaminationAssessment for qpcr_ddpcr"
ADV100-053-assay_control_failure,not-publishable,species-safe,not-ready,record_not_ready,repair_required,evidence_publishable_repair_required,not_measured_without_external_reference_audit,coi_full_barcode,qpcr_ddpcr,Aedes albopictus,species,None,none,exact,Aedes albopictus,99.6,96.0,0.009,3,1.7e-06,"assay gate blocked publication: missing occurrenceStatus, contaminationAssessment for qpcr_ddpcr"
ADV100-054-assay_control_failure,not-publishable,species-safe,not-ready,record_not_ready,repair_required,evidence_publishable_repair_required,not_measured_without_external_reference_audit,coi_full_barcode,qpcr_ddpcr,Aedes albopictus,species,None,none,exact,Aedes albopictus,99.6,96.0,0.009,3,1.7e-06,"assay gate blocked publication: missing occurrenceStatus, contaminationAssessment for qpcr_ddpcr"
ADV100-055-assay_control_failure,not-publishable,species-safe,not-ready,record_not_ready,repair_required,evidence_publishable_repair_required,not_measured_without_external_reference_audit,coi_full_barcode,qpcr_ddpcr,Aedes albopictus,species,None,none,exact,Aedes albopictus,99.6,96.0,0.009,3,1.7e-06,"assay gate blocked publication: missing occurrenceStatus, contaminationAssessment for qpcr_ddpcr"
ADV100-056-assay_control_failure,not-publishable,species-safe,not-ready,record_not_ready,repair_required,evidence_publishable_repair_required,not_measured_without_external_reference_audit,coi_full_barcode,qpcr_ddpcr,Aedes albopictus,species,None,none,exact,Aedes albopictus,99.6,96.0,0.009,3,1.7e-06,"assay gate blocked publication: missing occurrenceStatus, contaminationAssessment for qpcr_ddpcr"
ADV100-057-assay_control_failure,not-publishable,species-safe,not-ready,record_not_ready,repair_required,evidence_publishable_repair_required,not_measured_without_external_reference_audit,coi_full_barcode,qpcr_ddpcr,Aedes albopictus,species,None,none,exact,Aedes albopictus,99.6,96.0,0.009,3,1.7e-06,"assay gate blocked publication: missing occurrenceStatus, contaminationAssessment for qpcr_ddpcr"
ADV100-058-assay_control_failure,not-publishable,species-safe,not-ready,record_not_ready,repair_required,evidence_publishable_repair_required,not_measured_without_external_reference_audit,coi_full_barcode,qpcr_ddpcr,Aedes albopictus,species,None,none,exact,Aedes albopictus,99.6,96.0,0.009,3,1.7e-06,"assay gate blocked publication: missing occurrenceStatus, contaminationAssessment for qpcr_ddpcr"
ADV100-059-assay_control_failure,not-publishable,species-safe,not-ready,record_not_ready,repair_required,evidence_publishable_repair_required,not_measured_without_external_reference_audit,coi_full_barcode,qpcr_ddpcr,Aedes albopictus,species,None,none,exact,Aedes albopictus,99.6,96.0,0.009,3,1.7e-06,"assay gate blocked publication: missing occurrenceStatus, contaminationAssessment for qpcr_ddpcr"
ADV100-060-assay_control_failure,not-publishable,species-safe,not-ready,record_not_ready,repair_required,evidence_publishable_repair_required,not_measured_without_external_reference_audit,coi_full_barcode,qpcr_ddpcr,Aedes albopictus,species,None,none,exact,Aedes albopictus,99.6,96.0,0.009,3,1.7e-06,"assay gate blocked publication: missing occurrenceStatus, contaminationAssessment for qpcr_ddpcr"
ADV100-061-wrong_taxonomy_name_conflict,not-publishable,species-safe,not-ready,record_not_ready,repair_required,evidence_publishable_repair_required,not_measured_without_external_reference_audit,coi_full_barcode,single_specimen_barcode,Aedes albopictus,species,None,none,exact,Aedes albopictus,99.6,96.0,0.009,3,1.7e-06,publication blocked: supplied scientificName conflicts with top molecular hit (Aedes aegypti vs Aedes albopictus)
ADV100-062-wrong_taxonomy_name_conflict,not-publishable,species-safe,not-ready,record_not_ready,repair_required,evidence_publishable_repair_required,not_measured_without_external_reference_audit,coi_full_barcode,single_specimen_barcode,Aedes albopictus,species,None,none,exact,Aedes albopictus,99.6,96.0,0.009,3,1.7e-06,publication blocked: supplied scientificName conflicts with top molecular hit (Aedes aegypti vs Aedes albopictus)
ADV100-063-wrong_taxonomy_name_conflict,not-publishable,species-safe,not-ready,record_not_ready,repair_required,evidence_publishable_repair_required,not_measured_without_external_reference_audit,coi_full_barcode,single_specimen_barcode,Aedes albopictus,species,None,none,exact,Aedes albopictus,99.6,96.0,0.009,3,1.7e-06,publication blocked: supplied scientificName conflicts with top molecular hit (Aedes aegypti vs Aedes albopictus)
ADV100-064-wrong_taxonomy_name_conflict,not-publishable,species-safe,not-ready,record_not_ready,repair_required,evidence_publishable_repair_required,not_measured_without_external_reference_audit,coi_full_barcode,single_specimen_barcode,Aedes albopictus,species,None,none,exact,Aedes albopictus,99.6,96.0,0.009,3,1.7e-06,publication blocked: supplied scientificName conflicts with top molecular hit (Aedes aegypti vs Aedes albopictus)
ADV100-065-wrong_taxonomy_name_conflict,not-publishable,species-safe,not-ready,record_not_ready,repair_required,evidence_publishable_repair_required,not_measured_without_external_reference_audit,coi_full_barcode,single_specimen_barcode,Aedes albopictus,species,None,none,exact,Aedes albopictus,99.6,96.0,0.009,3,1.7e-06,publication blocked: supplied scientificName conflicts with top molecular hit (Aedes aegypti vs Aedes albopictus)
ADV100-066-wrong_taxonomy_name_conflict,not-publishable,species-safe,not-ready,record_not_ready,repair_required,evidence_publishable_repair_required,not_measured_without_external_reference_audit,coi_full_barcode,single_specimen_barcode,Aedes albopictus,species,None,none,exact,Aedes albopictus,99.6,96.0,0.009,3,1.7e-06,publication blocked: supplied scientificName conflicts with top molecular hit (Aedes aegypti vs Aedes albopictus)
ADV100-067-wrong_taxonomy_name_conflict,not-publishable,species-safe,not-ready,record_not_ready,repair_required,evidence_publishable_repair_required,not_measured_without_external_reference_audit,coi_full_barcode,single_specimen_barcode,Aedes albopictus,species,None,none,exact,Aedes albopictus,99.6,96.0,0.009,3,1.7e-06,publication blocked: supplied scientificName conflicts with top molecular hit (Aedes aegypti vs Aedes albopictus)
ADV100-068-wrong_taxonomy_name_conflict,not-publishable,species-safe,not-ready,record_not_ready,repair_required,evidence_publishable_repair_required,not_measured_without_external_reference_audit,coi_full_barcode,single_specimen_barcode,Aedes albopictus,species,None,none,exact,Aedes albopictus,99.6,96.0,0.009,3,1.7e-06,publication blocked: supplied scientificName conflicts with top molecular hit (Aedes aegypti vs Aedes albopictus)
ADV100-069-wrong_taxonomy_name_conflict,not-publishable,species-safe,not-ready,record_not_ready,repair_required,evidence_publishable_repair_required,not_measured_without_external_reference_audit,coi_full_barcode,single_specimen_barcode,Aedes albopictus,species,None,none,exact,Aedes albopictus,99.6,96.0,0.009,3,1.7e-06,publication blocked: supplied scientificName conflicts with top molecular hit (Aedes aegypti vs Aedes albopictus)
ADV100-070-wrong_taxonomy_name_conflict,not-publishable,species-safe,not-ready,record_not_ready,repair_required,evidence_publishable_repair_required,not_measured_without_external_reference_audit,coi_full_barcode,single_specimen_barcode,Aedes albopictus,species,None,none,exact,Aedes albopictus,99.6,96.0,0.009,3,1.7e-06,publication blocked: supplied scientificName conflicts with top molecular hit (Aedes aegypti vs Aedes albopictus)
ADV100-071-genome_segment_non_barcode_marker,genus-safe,genus-safe,record-ready,record_recommended_ready,publishable_candidate,dwc_template_ready,not_measured_without_external_reference_audit,custom_research,single_specimen_barcode,Aedes,genus,Aedes,genus,exact,Aedes albopictus,99.6,96.0,0.009,3,1.7e-06,"marker profile blocked species claim: custom_research is configured for safe-rank review, not automatic species export"
ADV100-072-genome_segment_non_barcode_marker,genus-safe,genus-safe,record-ready,record_recommended_ready,publishable_candidate,dwc_template_ready,not_measured_without_external_reference_audit,custom_research,single_specimen_barcode,Aedes,genus,Aedes,genus,exact,Aedes albopictus,99.6,96.0,0.009,3,1.7e-06,"marker profile blocked species claim: custom_research is configured for safe-rank review, not automatic species export"
ADV100-073-genome_segment_non_barcode_marker,genus-safe,genus-safe,record-ready,record_recommended_ready,publishable_candidate,dwc_template_ready,not_measured_without_external_reference_audit,custom_research,single_specimen_barcode,Aedes,genus,Aedes,genus,exact,Aedes albopictus,99.6,96.0,0.009,3,1.7e-06,"marker profile blocked species claim: custom_research is configured for safe-rank review, not automatic species export"
ADV100-074-genome_segment_non_barcode_marker,genus-safe,genus-safe,record-ready,record_recommended_ready,publishable_candidate,dwc_template_ready,not_measured_without_external_reference_audit,custom_research,single_specimen_barcode,Aedes,genus,Aedes,genus,exact,Aedes albopictus,99.6,96.0,0.009,3,1.7e-06,"marker profile blocked species claim: custom_research is configured for safe-rank review, not automatic species export"
ADV100-075-genome_segment_non_barcode_marker,genus-safe,genus-safe,record-ready,record_recommended_ready,publishable_candidate,dwc_template_ready,not_measured_without_external_reference_audit,custom_research,single_specimen_barcode,Aedes,genus,Aedes,genus,exact,Aedes albopictus,99.6,96.0,0.009,3,1.7e-06,"marker profile blocked species claim: custom_research is configured for safe-rank review, not automatic species export"
ADV100-076-genome_segment_non_barcode_marker,genus-safe,genus-safe,record-ready,record_recommended_ready,publishable_candidate,dwc_template_ready,not_measured_without_external_reference_audit,custom_research,single_specimen_barcode,Aedes,genus,Aedes,genus,exact,Aedes albopictus,99.6,96.0,0.009,3,1.7e-06,"marker profile blocked species claim: custom_research is configured for safe-rank review, not automatic species export"
ADV100-077-genome_segment_non_barcode_marker,genus-safe,genus-safe,record-ready,record_recommended_ready,publishable_candidate,dwc_template_ready,not_measured_without_external_reference_audit,custom_research,single_specimen_barcode,Aedes,genus,Aedes,genus,exact,Aedes albopictus,99.6,96.0,0.009,3,1.7e-06,"marker profile blocked species claim: custom_research is configured for safe-rank review, not automatic species export"
ADV100-078-genome_segment_non_barcode_marker,genus-safe,genus-safe,record-ready,record_recommended_ready,publishable_candidate,dwc_template_ready,not_measured_without_external_reference_audit,custom_research,single_specimen_barcode,Aedes,genus,Aedes,genus,exact,Aedes albopictus,99.6,96.0,0.009,3,1.7e-06,"marker profile blocked species claim: custom_research is configured for safe-rank review, not automatic species export"
ADV100-079-genome_segment_non_barcode_marker,genus-safe,genus-safe,record-ready,record_recommended_ready,publishable_candidate,dwc_template_ready,not_measured_without_external_reference_audit,custom_research,single_specimen_barcode,Aedes,genus,Aedes,genus,exact,Aedes albopictus,99.6,96.0,0.009,3,1.7e-06,"marker profile blocked species claim: custom_research is configured for safe-rank review, not automatic species export"
ADV100-080-genome_segment_non_barcode_marker,genus-safe,genus-safe,record-ready,record_recommended_ready,publishable_candidate,dwc_template_ready,not_measured_without_external_reference_audit,custom_research,single_specimen_barcode,Aedes,genus,Aedes,genus,exact,Aedes albopictus,99.6,96.0,0.009,3,1.7e-06,"marker profile blocked species claim: custom_research is configured for safe-rank review, not automatic species export"
ADV100-081-negative_barcode_gap,ambiguous,ambiguous,not-ready,record_recommended_ready,repair_required,review_only,not_measured_without_external_reference_audit,coi_full_barcode,single_specimen_barcode,Aedes albopictus,species,None,none,exact,Aedes albopictus,99.6,96.0,-0.008,3,1.7e-06,species claim blocked: barcode gap fail
ADV100-082-negative_barcode_gap,ambiguous,ambiguous,not-ready,record_recommended_ready,repair_required,review_only,not_measured_without_external_reference_audit,coi_full_barcode,single_specimen_barcode,Aedes albopictus,species,None,none,exact,Aedes albopictus,99.6,96.0,-0.008,3,1.7e-06,species claim blocked: barcode gap fail
ADV100-083-negative_barcode_gap,ambiguous,ambiguous,not-ready,record_recommended_ready,repair_required,review_only,not_measured_without_external_reference_audit,coi_full_barcode,single_specimen_barcode,Aedes albopictus,species,None,none,exact,Aedes albopictus,99.6,96.0,-0.008,3,1.7e-06,species claim blocked: barcode gap fail
ADV100-084-negative_barcode_gap,ambiguous,ambiguous,not-ready,record_recommended_ready,repair_required,review_only,not_measured_without_external_reference_audit,coi_full_barcode,single_specimen_barcode,Aedes albopictus,species,None,none,exact,Aedes albopictus,99.6,96.0,-0.008,3,1.7e-06,species claim blocked: barcode gap fail
ADV100-085-negative_barcode_gap,ambiguous,ambiguous,not-ready,record_recommended_ready,repair_required,review_only,not_measured_without_external_reference_audit,coi_full_barcode,single_specimen_barcode,Aedes albopictus,species,None,none,exact,Aedes albopictus,99.6,96.0,-0.008,3,1.7e-06,species claim blocked: barcode gap fail
ADV100-086-negative_barcode_gap,ambiguous,ambiguous,not-ready,record_recommended_ready,repair_required,review_only,not_measured_without_external_reference_audit,coi_full_barcode,single_specimen_barcode,Aedes albopictus,species,None,none,exact,Aedes albopictus,99.6,96.0,-0.008,3,1.7e-06,species claim blocked: barcode gap fail
ADV100-087-negative_barcode_gap,ambiguous,ambiguous,not-ready,record_recommended_ready,repair_required,review_only,not_measured_without_external_reference_audit,coi_full_barcode,single_specimen_barcode,Aedes albopictus,species,None,none,exact,Aedes albopictus,99.6,96.0,-0.008,3,1.7e-06,species claim blocked: barcode gap fail
ADV100-088-negative_barcode_gap,ambiguous,ambiguous,not-ready,record_recommended_ready,repair_required,review_only,not_measured_without_external_reference_audit,coi_full_barcode,single_specimen_barcode,Aedes albopictus,species,None,none,exact,Aedes albopictus,99.6,96.0,-0.008,3,1.7e-06,species claim blocked: barcode gap fail
ADV100-089-negative_barcode_gap,ambiguous,ambiguous,not-ready,record_recommended_ready,repair_required,review_only,not_measured_without_external_reference_audit,coi_full_barcode,single_specimen_barcode,Aedes albopictus,species,None,none,exact,Aedes albopictus,99.6,96.0,-0.008,3,1.7e-06,species claim blocked: barcode gap fail
ADV100-090-negative_barcode_gap,ambiguous,ambiguous,not-ready,record_recommended_ready,repair_required,review_only,not_measured_without_external_reference_audit,coi_full_barcode,single_specimen_barcode,Aedes albopictus,species,None,none,exact,Aedes albopictus,99.6,96.0,-0.008,3,1.7e-06,species claim blocked: barcode gap fail
ADV100-091-missing_diagnostic_kmer,ambiguous,ambiguous,not-ready,record_recommended_ready,repair_required,review_only,not_measured_without_external_reference_audit,coi_full_barcode,single_specimen_barcode,Aedes albopictus,species,None,none,exact,Aedes albopictus,99.6,96.0,0.009,0,,species claim blocked: diagnostic k-mer support missing
ADV100-092-missing_diagnostic_kmer,ambiguous,ambiguous,not-ready,record_recommended_ready,repair_required,review_only,not_measured_without_external_reference_audit,coi_full_barcode,single_specimen_barcode,Aedes albopictus,species,None,none,exact,Aedes albopictus,99.6,96.0,0.009,0,,species claim blocked: diagnostic k-mer support missing
ADV100-093-missing_diagnostic_kmer,ambiguous,ambiguous,not-ready,record_recommended_ready,repair_required,review_only,not_measured_without_external_reference_audit,coi_full_barcode,single_specimen_barcode,Aedes albopictus,species,None,none,exact,Aedes albopictus,99.6,96.0,0.009,0,,species claim blocked: diagnostic k-mer support missing
ADV100-094-missing_diagnostic_kmer,ambiguous,ambiguous,not-ready,record_recommended_ready,repair_required,review_only,not_measured_without_external_reference_audit,coi_full_barcode,single_specimen_barcode,Aedes albopictus,species,None,none,exact,Aedes albopictus,99.6,96.0,0.009,0,,species claim blocked: diagnostic k-mer support missing
ADV100-095-missing_diagnostic_kmer,ambiguous,ambiguous,not-ready,record_recommended_ready,repair_required,review_only,not_measured_without_external_reference_audit,coi_full_barcode,single_specimen_barcode,Aedes albopictus,species,None,none,exact,Aedes albopictus,99.6,96.0,0.009,0,,species claim blocked: diagnostic k-mer support missing
ADV100-096-missing_diagnostic_kmer,ambiguous,ambiguous,not-ready,record_recommended_ready,repair_required,review_only,not_measured_without_external_reference_audit,coi_full_barcode,single_specimen_barcode,Aedes albopictus,species,None,none,exact,Aedes albopictus,99.6,96.0,0.009,0,,species claim blocked: diagnostic k-mer support missing
ADV100-097-missing_diagnostic_kmer,ambiguous,ambiguous,not-ready,record_recommended_ready,repair_required,review_only,not_measured_without_external_reference_audit,coi_full_barcode,single_specimen_barcode,Aedes albopictus,species,None,none,exact,Aedes albopictus,99.6,96.0,0.009,0,,species claim blocked: diagnostic k-mer support missing
ADV100-098-missing_diagnostic_kmer,ambiguous,ambiguous,not-ready,record_recommended_ready,repair_required,review_only,not_measured_without_external_reference_audit,coi_full_barcode,single_specimen_barcode,Aedes albopictus,species,None,none,exact,Aedes albopictus,99.6,96.0,0.009,0,,species claim blocked: diagnostic k-mer support missing
ADV100-099-missing_diagnostic_kmer,ambiguous,ambiguous,not-ready,record_recommended_ready,repair_required,review_only,not_measured_without_external_reference_audit,coi_full_barcode,single_specimen_barcode,Aedes albopictus,species,None,none,exact,Aedes albopictus,99.6,96.0,0.009,0,,species claim blocked: diagnostic k-mer support missing
ADV100-100-missing_diagnostic_kmer,ambiguous,ambiguous,not-ready,record_recommended_ready,repair_required,review_only,not_measured_without_external_reference_audit,coi_full_barcode,single_specimen_barcode,Aedes albopictus,species,None,none,exact,Aedes albopictus,99.6,96.0,0.009,0,,species claim blocked: diagnostic k-mer support missing
