sequenceID,highPriorityPass,missingFields,eventID,materialSampleID,target_gene,target_subfragment,pcr_primer_forward,pcr_primer_reverse,seq_meth,otu_class_appr,otu_seq_comp_appr,otu_db,sop
COMP100-001-species_safe,False,pcr_primer_forward; pcr_primer_reverse; seq_meth,competition-event-01,competition-sample-001,cytochrome c oxidase subunit I,COI-5P barcode region,,,,GBIF Sequence ID-compatible COI BLAST workflow; ruleset barcode-gbif-compiler-v2,identity=99.6; queryCoverage=96.0,COI Animals / BOLD public clustered reference,GBIF Sequence ID-compatible COI BLAST workflow; ruleset barcode-gbif-compiler-v2
COMP100-002-species_safe,False,pcr_primer_forward; pcr_primer_reverse; seq_meth,competition-event-01,competition-sample-002,cytochrome c oxidase subunit I,COI-5P barcode region,,,,GBIF Sequence ID-compatible COI BLAST workflow; ruleset barcode-gbif-compiler-v2,identity=99.6; queryCoverage=96.0,COI Animals / BOLD public clustered reference,GBIF Sequence ID-compatible COI BLAST workflow; ruleset barcode-gbif-compiler-v2
COMP100-003-species_safe,False,pcr_primer_forward; pcr_primer_reverse; seq_meth,competition-event-01,competition-sample-003,cytochrome c oxidase subunit I,COI-5P barcode region,,,,GBIF Sequence ID-compatible COI BLAST workflow; ruleset barcode-gbif-compiler-v2,identity=99.6; queryCoverage=96.0,COI Animals / BOLD public clustered reference,GBIF Sequence ID-compatible COI BLAST workflow; ruleset barcode-gbif-compiler-v2
COMP100-004-species_safe,False,pcr_primer_forward; pcr_primer_reverse; seq_meth,competition-event-01,competition-sample-004,cytochrome c oxidase subunit I,COI-5P barcode region,,,,GBIF Sequence ID-compatible COI BLAST workflow; ruleset barcode-gbif-compiler-v2,identity=99.6; queryCoverage=96.0,COI Animals / BOLD public clustered reference,GBIF Sequence ID-compatible COI BLAST workflow; ruleset barcode-gbif-compiler-v2
COMP100-005-species_safe,False,pcr_primer_forward; pcr_primer_reverse; seq_meth,competition-event-01,competition-sample-005,cytochrome c oxidase subunit I,COI-5P barcode region,,,,GBIF Sequence ID-compatible COI BLAST workflow; ruleset barcode-gbif-compiler-v2,identity=99.6; queryCoverage=96.0,COI Animals / BOLD public clustered reference,GBIF Sequence ID-compatible COI BLAST workflow; ruleset barcode-gbif-compiler-v2
COMP100-006-species_safe,False,pcr_primer_forward; pcr_primer_reverse; seq_meth,competition-event-01,competition-sample-006,cytochrome c oxidase subunit I,COI-5P barcode region,,,,GBIF Sequence ID-compatible COI BLAST workflow; ruleset barcode-gbif-compiler-v2,identity=99.6; queryCoverage=96.0,COI Animals / BOLD public clustered reference,GBIF Sequence ID-compatible COI BLAST workflow; ruleset barcode-gbif-compiler-v2
COMP100-007-species_safe,False,pcr_primer_forward; pcr_primer_reverse; seq_meth,competition-event-01,competition-sample-007,cytochrome c oxidase subunit I,COI-5P barcode region,,,,GBIF Sequence ID-compatible COI BLAST workflow; ruleset barcode-gbif-compiler-v2,identity=99.6; queryCoverage=96.0,COI Animals / BOLD public clustered reference,GBIF Sequence ID-compatible COI BLAST workflow; ruleset barcode-gbif-compiler-v2
COMP100-008-species_safe,False,pcr_primer_forward; pcr_primer_reverse; seq_meth,competition-event-01,competition-sample-008,cytochrome c oxidase subunit I,COI-5P barcode region,,,,GBIF Sequence ID-compatible COI BLAST workflow; ruleset barcode-gbif-compiler-v2,identity=99.6; queryCoverage=96.0,COI Animals / BOLD public clustered reference,GBIF Sequence ID-compatible COI BLAST workflow; ruleset barcode-gbif-compiler-v2
COMP100-009-species_safe,False,pcr_primer_forward; pcr_primer_reverse; seq_meth,competition-event-01,competition-sample-009,cytochrome c oxidase subunit I,COI-5P barcode region,,,,GBIF Sequence ID-compatible COI BLAST workflow; ruleset barcode-gbif-compiler-v2,identity=99.6; queryCoverage=96.0,COI Animals / BOLD public clustered reference,GBIF Sequence ID-compatible COI BLAST workflow; ruleset barcode-gbif-compiler-v2
COMP100-010-species_safe,False,pcr_primer_forward; pcr_primer_reverse; seq_meth,competition-event-01,competition-sample-010,cytochrome c oxidase subunit I,COI-5P barcode region,,,,GBIF Sequence ID-compatible COI BLAST workflow; ruleset barcode-gbif-compiler-v2,identity=99.6; queryCoverage=96.0,COI Animals / BOLD public clustered reference,GBIF Sequence ID-compatible COI BLAST workflow; ruleset barcode-gbif-compiler-v2
COMP100-011-species_safe,False,pcr_primer_forward; pcr_primer_reverse; seq_meth,competition-event-02,competition-sample-011,cytochrome c oxidase subunit I,COI-5P barcode region,,,,GBIF Sequence ID-compatible COI BLAST workflow; ruleset barcode-gbif-compiler-v2,identity=99.6; queryCoverage=96.0,COI Animals / BOLD public clustered reference,GBIF Sequence ID-compatible COI BLAST workflow; ruleset barcode-gbif-compiler-v2
COMP100-012-species_safe,False,pcr_primer_forward; pcr_primer_reverse; seq_meth,competition-event-02,competition-sample-012,cytochrome c oxidase subunit I,COI-5P barcode region,,,,GBIF Sequence ID-compatible COI BLAST workflow; ruleset barcode-gbif-compiler-v2,identity=99.6; queryCoverage=96.0,COI Animals / BOLD public clustered reference,GBIF Sequence ID-compatible COI BLAST workflow; ruleset barcode-gbif-compiler-v2
COMP100-013-species_safe,False,pcr_primer_forward; pcr_primer_reverse; seq_meth,competition-event-02,competition-sample-013,cytochrome c oxidase subunit I,COI-5P barcode region,,,,GBIF Sequence ID-compatible COI BLAST workflow; ruleset barcode-gbif-compiler-v2,identity=99.6; queryCoverage=96.0,COI Animals / BOLD public clustered reference,GBIF Sequence ID-compatible COI BLAST workflow; ruleset barcode-gbif-compiler-v2
COMP100-014-species_safe,False,pcr_primer_forward; pcr_primer_reverse; seq_meth,competition-event-02,competition-sample-014,cytochrome c oxidase subunit I,COI-5P barcode region,,,,GBIF Sequence ID-compatible COI BLAST workflow; ruleset barcode-gbif-compiler-v2,identity=99.6; queryCoverage=96.0,COI Animals / BOLD public clustered reference,GBIF Sequence ID-compatible COI BLAST workflow; ruleset barcode-gbif-compiler-v2
COMP100-015-species_safe,False,pcr_primer_forward; pcr_primer_reverse; seq_meth,competition-event-02,competition-sample-015,cytochrome c oxidase subunit I,COI-5P barcode region,,,,GBIF Sequence ID-compatible COI BLAST workflow; ruleset barcode-gbif-compiler-v2,identity=99.6; queryCoverage=96.0,COI Animals / BOLD public clustered reference,GBIF Sequence ID-compatible COI BLAST workflow; ruleset barcode-gbif-compiler-v2
COMP100-016-species_safe,False,pcr_primer_forward; pcr_primer_reverse; seq_meth,competition-event-02,competition-sample-016,cytochrome c oxidase subunit I,COI-5P barcode region,,,,GBIF Sequence ID-compatible COI BLAST workflow; ruleset barcode-gbif-compiler-v2,identity=99.6; queryCoverage=96.0,COI Animals / BOLD public clustered reference,GBIF Sequence ID-compatible COI BLAST workflow; ruleset barcode-gbif-compiler-v2
COMP100-017-species_safe,False,pcr_primer_forward; pcr_primer_reverse; seq_meth,competition-event-02,competition-sample-017,cytochrome c oxidase subunit I,COI-5P barcode region,,,,GBIF Sequence ID-compatible COI BLAST workflow; ruleset barcode-gbif-compiler-v2,identity=99.6; queryCoverage=96.0,COI Animals / BOLD public clustered reference,GBIF Sequence ID-compatible COI BLAST workflow; ruleset barcode-gbif-compiler-v2
COMP100-018-species_safe,False,pcr_primer_forward; pcr_primer_reverse; seq_meth,competition-event-02,competition-sample-018,cytochrome c oxidase subunit I,COI-5P barcode region,,,,GBIF Sequence ID-compatible COI BLAST workflow; ruleset barcode-gbif-compiler-v2,identity=99.6; queryCoverage=96.0,COI Animals / BOLD public clustered reference,GBIF Sequence ID-compatible COI BLAST workflow; ruleset barcode-gbif-compiler-v2
COMP100-019-species_safe,False,pcr_primer_forward; pcr_primer_reverse; seq_meth,competition-event-02,competition-sample-019,cytochrome c oxidase subunit I,COI-5P barcode region,,,,GBIF Sequence ID-compatible COI BLAST workflow; ruleset barcode-gbif-compiler-v2,identity=99.6; queryCoverage=96.0,COI Animals / BOLD public clustered reference,GBIF Sequence ID-compatible COI BLAST workflow; ruleset barcode-gbif-compiler-v2
COMP100-020-species_safe,False,pcr_primer_forward; pcr_primer_reverse; seq_meth,competition-event-02,competition-sample-020,cytochrome c oxidase subunit I,COI-5P barcode region,,,,GBIF Sequence ID-compatible COI BLAST workflow; ruleset barcode-gbif-compiler-v2,identity=99.6; queryCoverage=96.0,COI Animals / BOLD public clustered reference,GBIF Sequence ID-compatible COI BLAST workflow; ruleset barcode-gbif-compiler-v2
COMP100-021-species_safe,False,pcr_primer_forward; pcr_primer_reverse; seq_meth,competition-event-03,competition-sample-021,cytochrome c oxidase subunit I,COI-5P barcode region,,,,GBIF Sequence ID-compatible COI BLAST workflow; ruleset barcode-gbif-compiler-v2,identity=99.6; queryCoverage=96.0,COI Animals / BOLD public clustered reference,GBIF Sequence ID-compatible COI BLAST workflow; ruleset barcode-gbif-compiler-v2
COMP100-022-species_safe,False,pcr_primer_forward; pcr_primer_reverse; seq_meth,competition-event-03,competition-sample-022,cytochrome c oxidase subunit I,COI-5P barcode region,,,,GBIF Sequence ID-compatible COI BLAST workflow; ruleset barcode-gbif-compiler-v2,identity=99.6; queryCoverage=96.0,COI Animals / BOLD public clustered reference,GBIF Sequence ID-compatible COI BLAST workflow; ruleset barcode-gbif-compiler-v2
COMP100-023-species_safe,False,pcr_primer_forward; pcr_primer_reverse; seq_meth,competition-event-03,competition-sample-023,cytochrome c oxidase subunit I,COI-5P barcode region,,,,GBIF Sequence ID-compatible COI BLAST workflow; ruleset barcode-gbif-compiler-v2,identity=99.6; queryCoverage=96.0,COI Animals / BOLD public clustered reference,GBIF Sequence ID-compatible COI BLAST workflow; ruleset barcode-gbif-compiler-v2
COMP100-024-species_safe,False,pcr_primer_forward; pcr_primer_reverse; seq_meth,competition-event-03,competition-sample-024,cytochrome c oxidase subunit I,COI-5P barcode region,,,,GBIF Sequence ID-compatible COI BLAST workflow; ruleset barcode-gbif-compiler-v2,identity=99.6; queryCoverage=96.0,COI Animals / BOLD public clustered reference,GBIF Sequence ID-compatible COI BLAST workflow; ruleset barcode-gbif-compiler-v2
COMP100-025-species_safe,False,pcr_primer_forward; pcr_primer_reverse; seq_meth,competition-event-03,competition-sample-025,cytochrome c oxidase subunit I,COI-5P barcode region,,,,GBIF Sequence ID-compatible COI BLAST workflow; ruleset barcode-gbif-compiler-v2,identity=99.6; queryCoverage=96.0,COI Animals / BOLD public clustered reference,GBIF Sequence ID-compatible COI BLAST workflow; ruleset barcode-gbif-compiler-v2
COMP100-026-genus_safe_ambiguous,False,pcr_primer_forward; pcr_primer_reverse; seq_meth,competition-event-03,competition-sample-026,cytochrome c oxidase subunit I,COI-5P barcode region,,,,GBIF Sequence ID-compatible COI BLAST workflow; ruleset barcode-gbif-compiler-v2,identity=99.4; queryCoverage=96.0,COI Animals / BOLD public clustered reference,GBIF Sequence ID-compatible COI BLAST workflow; ruleset barcode-gbif-compiler-v2
COMP100-027-genus_safe_ambiguous,False,pcr_primer_forward; pcr_primer_reverse; seq_meth,competition-event-03,competition-sample-027,cytochrome c oxidase subunit I,COI-5P barcode region,,,,GBIF Sequence ID-compatible COI BLAST workflow; ruleset barcode-gbif-compiler-v2,identity=99.4; queryCoverage=96.0,COI Animals / BOLD public clustered reference,GBIF Sequence ID-compatible COI BLAST workflow; ruleset barcode-gbif-compiler-v2
COMP100-028-genus_safe_ambiguous,False,pcr_primer_forward; pcr_primer_reverse; seq_meth,competition-event-03,competition-sample-028,cytochrome c oxidase subunit I,COI-5P barcode region,,,,GBIF Sequence ID-compatible COI BLAST workflow; ruleset barcode-gbif-compiler-v2,identity=99.4; queryCoverage=96.0,COI Animals / BOLD public clustered reference,GBIF Sequence ID-compatible COI BLAST workflow; ruleset barcode-gbif-compiler-v2
COMP100-029-genus_safe_ambiguous,False,pcr_primer_forward; pcr_primer_reverse; seq_meth,competition-event-03,competition-sample-029,cytochrome c oxidase subunit I,COI-5P barcode region,,,,GBIF Sequence ID-compatible COI BLAST workflow; ruleset barcode-gbif-compiler-v2,identity=99.4; queryCoverage=96.0,COI Animals / BOLD public clustered reference,GBIF Sequence ID-compatible COI BLAST workflow; ruleset barcode-gbif-compiler-v2
COMP100-030-genus_safe_ambiguous,False,pcr_primer_forward; pcr_primer_reverse; seq_meth,competition-event-03,competition-sample-030,cytochrome c oxidase subunit I,COI-5P barcode region,,,,GBIF Sequence ID-compatible COI BLAST workflow; ruleset barcode-gbif-compiler-v2,identity=99.4; queryCoverage=96.0,COI Animals / BOLD public clustered reference,GBIF Sequence ID-compatible COI BLAST workflow; ruleset barcode-gbif-compiler-v2
COMP100-031-genus_safe_ambiguous,False,pcr_primer_forward; pcr_primer_reverse; seq_meth,competition-event-04,competition-sample-031,cytochrome c oxidase subunit I,COI-5P barcode region,,,,GBIF Sequence ID-compatible COI BLAST workflow; ruleset barcode-gbif-compiler-v2,identity=99.4; queryCoverage=96.0,COI Animals / BOLD public clustered reference,GBIF Sequence ID-compatible COI BLAST workflow; ruleset barcode-gbif-compiler-v2
COMP100-032-genus_safe_ambiguous,False,pcr_primer_forward; pcr_primer_reverse; seq_meth,competition-event-04,competition-sample-032,cytochrome c oxidase subunit I,COI-5P barcode region,,,,GBIF Sequence ID-compatible COI BLAST workflow; ruleset barcode-gbif-compiler-v2,identity=99.4; queryCoverage=96.0,COI Animals / BOLD public clustered reference,GBIF Sequence ID-compatible COI BLAST workflow; ruleset barcode-gbif-compiler-v2
COMP100-033-genus_safe_ambiguous,False,pcr_primer_forward; pcr_primer_reverse; seq_meth,competition-event-04,competition-sample-033,cytochrome c oxidase subunit I,COI-5P barcode region,,,,GBIF Sequence ID-compatible COI BLAST workflow; ruleset barcode-gbif-compiler-v2,identity=99.4; queryCoverage=96.0,COI Animals / BOLD public clustered reference,GBIF Sequence ID-compatible COI BLAST workflow; ruleset barcode-gbif-compiler-v2
COMP100-034-genus_safe_ambiguous,False,pcr_primer_forward; pcr_primer_reverse; seq_meth,competition-event-04,competition-sample-034,cytochrome c oxidase subunit I,COI-5P barcode region,,,,GBIF Sequence ID-compatible COI BLAST workflow; ruleset barcode-gbif-compiler-v2,identity=99.4; queryCoverage=96.0,COI Animals / BOLD public clustered reference,GBIF Sequence ID-compatible COI BLAST workflow; ruleset barcode-gbif-compiler-v2
COMP100-035-genus_safe_ambiguous,False,pcr_primer_forward; pcr_primer_reverse; seq_meth,competition-event-04,competition-sample-035,cytochrome c oxidase subunit I,COI-5P barcode region,,,,GBIF Sequence ID-compatible COI BLAST workflow; ruleset barcode-gbif-compiler-v2,identity=99.4; queryCoverage=96.0,COI Animals / BOLD public clustered reference,GBIF Sequence ID-compatible COI BLAST workflow; ruleset barcode-gbif-compiler-v2
COMP100-036-genus_safe_ambiguous,False,pcr_primer_forward; pcr_primer_reverse; seq_meth,competition-event-04,competition-sample-036,cytochrome c oxidase subunit I,COI-5P barcode region,,,,GBIF Sequence ID-compatible COI BLAST workflow; ruleset barcode-gbif-compiler-v2,identity=99.4; queryCoverage=96.0,COI Animals / BOLD public clustered reference,GBIF Sequence ID-compatible COI BLAST workflow; ruleset barcode-gbif-compiler-v2
COMP100-037-genus_safe_ambiguous,False,pcr_primer_forward; pcr_primer_reverse; seq_meth,competition-event-04,competition-sample-037,cytochrome c oxidase subunit I,COI-5P barcode region,,,,GBIF Sequence ID-compatible COI BLAST workflow; ruleset barcode-gbif-compiler-v2,identity=99.4; queryCoverage=96.0,COI Animals / BOLD public clustered reference,GBIF Sequence ID-compatible COI BLAST workflow; ruleset barcode-gbif-compiler-v2
COMP100-038-genus_safe_ambiguous,False,pcr_primer_forward; pcr_primer_reverse; seq_meth,competition-event-04,competition-sample-038,cytochrome c oxidase subunit I,COI-5P barcode region,,,,GBIF Sequence ID-compatible COI BLAST workflow; ruleset barcode-gbif-compiler-v2,identity=99.4; queryCoverage=96.0,COI Animals / BOLD public clustered reference,GBIF Sequence ID-compatible COI BLAST workflow; ruleset barcode-gbif-compiler-v2
COMP100-039-genus_safe_ambiguous,False,pcr_primer_forward; pcr_primer_reverse; seq_meth,competition-event-04,competition-sample-039,cytochrome c oxidase subunit I,COI-5P barcode region,,,,GBIF Sequence ID-compatible COI BLAST workflow; ruleset barcode-gbif-compiler-v2,identity=99.4; queryCoverage=96.0,COI Animals / BOLD public clustered reference,GBIF Sequence ID-compatible COI BLAST workflow; ruleset barcode-gbif-compiler-v2
COMP100-040-genus_safe_ambiguous,False,pcr_primer_forward; pcr_primer_reverse; seq_meth,competition-event-04,competition-sample-040,cytochrome c oxidase subunit I,COI-5P barcode region,,,,GBIF Sequence ID-compatible COI BLAST workflow; ruleset barcode-gbif-compiler-v2,identity=99.4; queryCoverage=96.0,COI Animals / BOLD public clustered reference,GBIF Sequence ID-compatible COI BLAST workflow; ruleset barcode-gbif-compiler-v2
COMP100-041-genus_safe_ambiguous,False,pcr_primer_forward; pcr_primer_reverse; seq_meth,competition-event-05,competition-sample-041,cytochrome c oxidase subunit I,COI-5P barcode region,,,,GBIF Sequence ID-compatible COI BLAST workflow; ruleset barcode-gbif-compiler-v2,identity=99.4; queryCoverage=96.0,COI Animals / BOLD public clustered reference,GBIF Sequence ID-compatible COI BLAST workflow; ruleset barcode-gbif-compiler-v2
COMP100-042-genus_safe_ambiguous,False,pcr_primer_forward; pcr_primer_reverse; seq_meth,competition-event-05,competition-sample-042,cytochrome c oxidase subunit I,COI-5P barcode region,,,,GBIF Sequence ID-compatible COI BLAST workflow; ruleset barcode-gbif-compiler-v2,identity=99.4; queryCoverage=96.0,COI Animals / BOLD public clustered reference,GBIF Sequence ID-compatible COI BLAST workflow; ruleset barcode-gbif-compiler-v2
COMP100-043-genus_safe_ambiguous,False,pcr_primer_forward; pcr_primer_reverse; seq_meth,competition-event-05,competition-sample-043,cytochrome c oxidase subunit I,COI-5P barcode region,,,,GBIF Sequence ID-compatible COI BLAST workflow; ruleset barcode-gbif-compiler-v2,identity=99.4; queryCoverage=96.0,COI Animals / BOLD public clustered reference,GBIF Sequence ID-compatible COI BLAST workflow; ruleset barcode-gbif-compiler-v2
COMP100-044-genus_safe_ambiguous,False,pcr_primer_forward; pcr_primer_reverse; seq_meth,competition-event-05,competition-sample-044,cytochrome c oxidase subunit I,COI-5P barcode region,,,,GBIF Sequence ID-compatible COI BLAST workflow; ruleset barcode-gbif-compiler-v2,identity=99.4; queryCoverage=96.0,COI Animals / BOLD public clustered reference,GBIF Sequence ID-compatible COI BLAST workflow; ruleset barcode-gbif-compiler-v2
COMP100-045-genus_safe_ambiguous,False,pcr_primer_forward; pcr_primer_reverse; seq_meth,competition-event-05,competition-sample-045,cytochrome c oxidase subunit I,COI-5P barcode region,,,,GBIF Sequence ID-compatible COI BLAST workflow; ruleset barcode-gbif-compiler-v2,identity=99.4; queryCoverage=96.0,COI Animals / BOLD public clustered reference,GBIF Sequence ID-compatible COI BLAST workflow; ruleset barcode-gbif-compiler-v2
COMP100-046-genus_safe_ambiguous,False,pcr_primer_forward; pcr_primer_reverse; seq_meth,competition-event-05,competition-sample-046,cytochrome c oxidase subunit I,COI-5P barcode region,,,,GBIF Sequence ID-compatible COI BLAST workflow; ruleset barcode-gbif-compiler-v2,identity=99.4; queryCoverage=96.0,COI Animals / BOLD public clustered reference,GBIF Sequence ID-compatible COI BLAST workflow; ruleset barcode-gbif-compiler-v2
COMP100-047-genus_safe_ambiguous,False,pcr_primer_forward; pcr_primer_reverse; seq_meth,competition-event-05,competition-sample-047,cytochrome c oxidase subunit I,COI-5P barcode region,,,,GBIF Sequence ID-compatible COI BLAST workflow; ruleset barcode-gbif-compiler-v2,identity=99.4; queryCoverage=96.0,COI Animals / BOLD public clustered reference,GBIF Sequence ID-compatible COI BLAST workflow; ruleset barcode-gbif-compiler-v2
COMP100-048-genus_safe_ambiguous,False,pcr_primer_forward; pcr_primer_reverse; seq_meth,competition-event-05,competition-sample-048,cytochrome c oxidase subunit I,COI-5P barcode region,,,,GBIF Sequence ID-compatible COI BLAST workflow; ruleset barcode-gbif-compiler-v2,identity=99.4; queryCoverage=96.0,COI Animals / BOLD public clustered reference,GBIF Sequence ID-compatible COI BLAST workflow; ruleset barcode-gbif-compiler-v2
COMP100-049-genus_safe_ambiguous,False,pcr_primer_forward; pcr_primer_reverse; seq_meth,competition-event-05,competition-sample-049,cytochrome c oxidase subunit I,COI-5P barcode region,,,,GBIF Sequence ID-compatible COI BLAST workflow; ruleset barcode-gbif-compiler-v2,identity=99.4; queryCoverage=96.0,COI Animals / BOLD public clustered reference,GBIF Sequence ID-compatible COI BLAST workflow; ruleset barcode-gbif-compiler-v2
COMP100-050-genus_safe_ambiguous,False,pcr_primer_forward; pcr_primer_reverse; seq_meth,competition-event-05,competition-sample-050,cytochrome c oxidase subunit I,COI-5P barcode region,,,,GBIF Sequence ID-compatible COI BLAST workflow; ruleset barcode-gbif-compiler-v2,identity=99.4; queryCoverage=96.0,COI Animals / BOLD public clustered reference,GBIF Sequence ID-compatible COI BLAST workflow; ruleset barcode-gbif-compiler-v2
COMP100-051-weak_coverage,False,pcr_primer_forward; pcr_primer_reverse; seq_meth,competition-event-06,competition-sample-051,cytochrome c oxidase subunit I,COI-5P barcode region,,,,GBIF Sequence ID-compatible COI BLAST workflow; ruleset barcode-gbif-compiler-v2,identity=99.5; queryCoverage=72.0,COI Animals / BOLD public clustered reference,GBIF Sequence ID-compatible COI BLAST workflow; ruleset barcode-gbif-compiler-v2
COMP100-052-weak_coverage,False,pcr_primer_forward; pcr_primer_reverse; seq_meth,competition-event-06,competition-sample-052,cytochrome c oxidase subunit I,COI-5P barcode region,,,,GBIF Sequence ID-compatible COI BLAST workflow; ruleset barcode-gbif-compiler-v2,identity=99.5; queryCoverage=72.0,COI Animals / BOLD public clustered reference,GBIF Sequence ID-compatible COI BLAST workflow; ruleset barcode-gbif-compiler-v2
COMP100-053-weak_coverage,False,pcr_primer_forward; pcr_primer_reverse; seq_meth,competition-event-06,competition-sample-053,cytochrome c oxidase subunit I,COI-5P barcode region,,,,GBIF Sequence ID-compatible COI BLAST workflow; ruleset barcode-gbif-compiler-v2,identity=99.5; queryCoverage=72.0,COI Animals / BOLD public clustered reference,GBIF Sequence ID-compatible COI BLAST workflow; ruleset barcode-gbif-compiler-v2
COMP100-054-weak_coverage,False,pcr_primer_forward; pcr_primer_reverse; seq_meth,competition-event-06,competition-sample-054,cytochrome c oxidase subunit I,COI-5P barcode region,,,,GBIF Sequence ID-compatible COI BLAST workflow; ruleset barcode-gbif-compiler-v2,identity=99.5; queryCoverage=72.0,COI Animals / BOLD public clustered reference,GBIF Sequence ID-compatible COI BLAST workflow; ruleset barcode-gbif-compiler-v2
COMP100-055-weak_coverage,False,pcr_primer_forward; pcr_primer_reverse; seq_meth,competition-event-06,competition-sample-055,cytochrome c oxidase subunit I,COI-5P barcode region,,,,GBIF Sequence ID-compatible COI BLAST workflow; ruleset barcode-gbif-compiler-v2,identity=99.5; queryCoverage=72.0,COI Animals / BOLD public clustered reference,GBIF Sequence ID-compatible COI BLAST workflow; ruleset barcode-gbif-compiler-v2
COMP100-056-weak_coverage,False,pcr_primer_forward; pcr_primer_reverse; seq_meth,competition-event-06,competition-sample-056,cytochrome c oxidase subunit I,COI-5P barcode region,,,,GBIF Sequence ID-compatible COI BLAST workflow; ruleset barcode-gbif-compiler-v2,identity=99.5; queryCoverage=72.0,COI Animals / BOLD public clustered reference,GBIF Sequence ID-compatible COI BLAST workflow; ruleset barcode-gbif-compiler-v2
COMP100-057-weak_coverage,False,pcr_primer_forward; pcr_primer_reverse; seq_meth,competition-event-06,competition-sample-057,cytochrome c oxidase subunit I,COI-5P barcode region,,,,GBIF Sequence ID-compatible COI BLAST workflow; ruleset barcode-gbif-compiler-v2,identity=99.5; queryCoverage=72.0,COI Animals / BOLD public clustered reference,GBIF Sequence ID-compatible COI BLAST workflow; ruleset barcode-gbif-compiler-v2
COMP100-058-weak_coverage,False,pcr_primer_forward; pcr_primer_reverse; seq_meth,competition-event-06,competition-sample-058,cytochrome c oxidase subunit I,COI-5P barcode region,,,,GBIF Sequence ID-compatible COI BLAST workflow; ruleset barcode-gbif-compiler-v2,identity=99.5; queryCoverage=72.0,COI Animals / BOLD public clustered reference,GBIF Sequence ID-compatible COI BLAST workflow; ruleset barcode-gbif-compiler-v2
COMP100-059-weak_coverage,False,pcr_primer_forward; pcr_primer_reverse; seq_meth,competition-event-06,competition-sample-059,cytochrome c oxidase subunit I,COI-5P barcode region,,,,GBIF Sequence ID-compatible COI BLAST workflow; ruleset barcode-gbif-compiler-v2,identity=99.5; queryCoverage=72.0,COI Animals / BOLD public clustered reference,GBIF Sequence ID-compatible COI BLAST workflow; ruleset barcode-gbif-compiler-v2
COMP100-060-weak_coverage,False,pcr_primer_forward; pcr_primer_reverse; seq_meth,competition-event-06,competition-sample-060,cytochrome c oxidase subunit I,COI-5P barcode region,,,,GBIF Sequence ID-compatible COI BLAST workflow; ruleset barcode-gbif-compiler-v2,identity=99.5; queryCoverage=72.0,COI Animals / BOLD public clustered reference,GBIF Sequence ID-compatible COI BLAST workflow; ruleset barcode-gbif-compiler-v2
COMP100-061-weak_coverage,False,pcr_primer_forward; pcr_primer_reverse; seq_meth,competition-event-07,competition-sample-061,cytochrome c oxidase subunit I,COI-5P barcode region,,,,GBIF Sequence ID-compatible COI BLAST workflow; ruleset barcode-gbif-compiler-v2,identity=99.5; queryCoverage=72.0,COI Animals / BOLD public clustered reference,GBIF Sequence ID-compatible COI BLAST workflow; ruleset barcode-gbif-compiler-v2
COMP100-062-weak_coverage,False,pcr_primer_forward; pcr_primer_reverse; seq_meth,competition-event-07,competition-sample-062,cytochrome c oxidase subunit I,COI-5P barcode region,,,,GBIF Sequence ID-compatible COI BLAST workflow; ruleset barcode-gbif-compiler-v2,identity=99.5; queryCoverage=72.0,COI Animals / BOLD public clustered reference,GBIF Sequence ID-compatible COI BLAST workflow; ruleset barcode-gbif-compiler-v2
COMP100-063-weak_coverage,False,pcr_primer_forward; pcr_primer_reverse; seq_meth,competition-event-07,competition-sample-063,cytochrome c oxidase subunit I,COI-5P barcode region,,,,GBIF Sequence ID-compatible COI BLAST workflow; ruleset barcode-gbif-compiler-v2,identity=99.5; queryCoverage=72.0,COI Animals / BOLD public clustered reference,GBIF Sequence ID-compatible COI BLAST workflow; ruleset barcode-gbif-compiler-v2
COMP100-064-weak_coverage,False,pcr_primer_forward; pcr_primer_reverse; seq_meth,competition-event-07,competition-sample-064,cytochrome c oxidase subunit I,COI-5P barcode region,,,,GBIF Sequence ID-compatible COI BLAST workflow; ruleset barcode-gbif-compiler-v2,identity=99.5; queryCoverage=72.0,COI Animals / BOLD public clustered reference,GBIF Sequence ID-compatible COI BLAST workflow; ruleset barcode-gbif-compiler-v2
COMP100-065-weak_coverage,False,pcr_primer_forward; pcr_primer_reverse; seq_meth,competition-event-07,competition-sample-065,cytochrome c oxidase subunit I,COI-5P barcode region,,,,GBIF Sequence ID-compatible COI BLAST workflow; ruleset barcode-gbif-compiler-v2,identity=99.5; queryCoverage=72.0,COI Animals / BOLD public clustered reference,GBIF Sequence ID-compatible COI BLAST workflow; ruleset barcode-gbif-compiler-v2
COMP100-066-weak_coverage,False,pcr_primer_forward; pcr_primer_reverse; seq_meth,competition-event-07,competition-sample-066,cytochrome c oxidase subunit I,COI-5P barcode region,,,,GBIF Sequence ID-compatible COI BLAST workflow; ruleset barcode-gbif-compiler-v2,identity=99.5; queryCoverage=72.0,COI Animals / BOLD public clustered reference,GBIF Sequence ID-compatible COI BLAST workflow; ruleset barcode-gbif-compiler-v2
COMP100-067-weak_coverage,False,pcr_primer_forward; pcr_primer_reverse; seq_meth,competition-event-07,competition-sample-067,cytochrome c oxidase subunit I,COI-5P barcode region,,,,GBIF Sequence ID-compatible COI BLAST workflow; ruleset barcode-gbif-compiler-v2,identity=99.5; queryCoverage=72.0,COI Animals / BOLD public clustered reference,GBIF Sequence ID-compatible COI BLAST workflow; ruleset barcode-gbif-compiler-v2
COMP100-068-weak_coverage,False,pcr_primer_forward; pcr_primer_reverse; seq_meth,competition-event-07,competition-sample-068,cytochrome c oxidase subunit I,COI-5P barcode region,,,,GBIF Sequence ID-compatible COI BLAST workflow; ruleset barcode-gbif-compiler-v2,identity=99.5; queryCoverage=72.0,COI Animals / BOLD public clustered reference,GBIF Sequence ID-compatible COI BLAST workflow; ruleset barcode-gbif-compiler-v2
COMP100-069-weak_coverage,False,pcr_primer_forward; pcr_primer_reverse; seq_meth,competition-event-07,competition-sample-069,cytochrome c oxidase subunit I,COI-5P barcode region,,,,GBIF Sequence ID-compatible COI BLAST workflow; ruleset barcode-gbif-compiler-v2,identity=99.5; queryCoverage=72.0,COI Animals / BOLD public clustered reference,GBIF Sequence ID-compatible COI BLAST workflow; ruleset barcode-gbif-compiler-v2
COMP100-070-weak_coverage,False,pcr_primer_forward; pcr_primer_reverse; seq_meth,competition-event-07,competition-sample-070,cytochrome c oxidase subunit I,COI-5P barcode region,,,,GBIF Sequence ID-compatible COI BLAST workflow; ruleset barcode-gbif-compiler-v2,identity=99.5; queryCoverage=72.0,COI Animals / BOLD public clustered reference,GBIF Sequence ID-compatible COI BLAST workflow; ruleset barcode-gbif-compiler-v2
COMP100-071-weak_coverage,False,pcr_primer_forward; pcr_primer_reverse; seq_meth,competition-event-08,competition-sample-071,cytochrome c oxidase subunit I,COI-5P barcode region,,,,GBIF Sequence ID-compatible COI BLAST workflow; ruleset barcode-gbif-compiler-v2,identity=99.5; queryCoverage=72.0,COI Animals / BOLD public clustered reference,GBIF Sequence ID-compatible COI BLAST workflow; ruleset barcode-gbif-compiler-v2
COMP100-072-weak_coverage,False,pcr_primer_forward; pcr_primer_reverse; seq_meth,competition-event-08,competition-sample-072,cytochrome c oxidase subunit I,COI-5P barcode region,,,,GBIF Sequence ID-compatible COI BLAST workflow; ruleset barcode-gbif-compiler-v2,identity=99.5; queryCoverage=72.0,COI Animals / BOLD public clustered reference,GBIF Sequence ID-compatible COI BLAST workflow; ruleset barcode-gbif-compiler-v2
COMP100-073-weak_coverage,False,pcr_primer_forward; pcr_primer_reverse; seq_meth,competition-event-08,competition-sample-073,cytochrome c oxidase subunit I,COI-5P barcode region,,,,GBIF Sequence ID-compatible COI BLAST workflow; ruleset barcode-gbif-compiler-v2,identity=99.5; queryCoverage=72.0,COI Animals / BOLD public clustered reference,GBIF Sequence ID-compatible COI BLAST workflow; ruleset barcode-gbif-compiler-v2
COMP100-074-weak_coverage,False,pcr_primer_forward; pcr_primer_reverse; seq_meth,competition-event-08,competition-sample-074,cytochrome c oxidase subunit I,COI-5P barcode region,,,,GBIF Sequence ID-compatible COI BLAST workflow; ruleset barcode-gbif-compiler-v2,identity=99.5; queryCoverage=72.0,COI Animals / BOLD public clustered reference,GBIF Sequence ID-compatible COI BLAST workflow; ruleset barcode-gbif-compiler-v2
COMP100-075-weak_coverage,False,pcr_primer_forward; pcr_primer_reverse; seq_meth,competition-event-08,competition-sample-075,cytochrome c oxidase subunit I,COI-5P barcode region,,,,GBIF Sequence ID-compatible COI BLAST workflow; ruleset barcode-gbif-compiler-v2,identity=99.5; queryCoverage=72.0,COI Animals / BOLD public clustered reference,GBIF Sequence ID-compatible COI BLAST workflow; ruleset barcode-gbif-compiler-v2
COMP100-076-metadata_blocked,False,eventID; materialSampleID; pcr_primer_forward; pcr_primer_reverse; seq_meth,,,cytochrome c oxidase subunit I,COI-5P barcode region,,,,GBIF Sequence ID-compatible COI BLAST workflow; ruleset barcode-gbif-compiler-v2,identity=99.6; queryCoverage=96.0,COI Animals / BOLD public clustered reference,GBIF Sequence ID-compatible COI BLAST workflow; ruleset barcode-gbif-compiler-v2
COMP100-077-metadata_blocked,False,eventID; materialSampleID; pcr_primer_forward; pcr_primer_reverse; seq_meth,,,cytochrome c oxidase subunit I,COI-5P barcode region,,,,GBIF Sequence ID-compatible COI BLAST workflow; ruleset barcode-gbif-compiler-v2,identity=99.6; queryCoverage=96.0,COI Animals / BOLD public clustered reference,GBIF Sequence ID-compatible COI BLAST workflow; ruleset barcode-gbif-compiler-v2
COMP100-078-metadata_blocked,False,eventID; materialSampleID; pcr_primer_forward; pcr_primer_reverse; seq_meth,,,cytochrome c oxidase subunit I,COI-5P barcode region,,,,GBIF Sequence ID-compatible COI BLAST workflow; ruleset barcode-gbif-compiler-v2,identity=99.6; queryCoverage=96.0,COI Animals / BOLD public clustered reference,GBIF Sequence ID-compatible COI BLAST workflow; ruleset barcode-gbif-compiler-v2
COMP100-079-metadata_blocked,False,eventID; materialSampleID; pcr_primer_forward; pcr_primer_reverse; seq_meth,,,cytochrome c oxidase subunit I,COI-5P barcode region,,,,GBIF Sequence ID-compatible COI BLAST workflow; ruleset barcode-gbif-compiler-v2,identity=99.6; queryCoverage=96.0,COI Animals / BOLD public clustered reference,GBIF Sequence ID-compatible COI BLAST workflow; ruleset barcode-gbif-compiler-v2
COMP100-080-metadata_blocked,False,eventID; materialSampleID; pcr_primer_forward; pcr_primer_reverse; seq_meth,,,cytochrome c oxidase subunit I,COI-5P barcode region,,,,GBIF Sequence ID-compatible COI BLAST workflow; ruleset barcode-gbif-compiler-v2,identity=99.6; queryCoverage=96.0,COI Animals / BOLD public clustered reference,GBIF Sequence ID-compatible COI BLAST workflow; ruleset barcode-gbif-compiler-v2
COMP100-081-metadata_blocked,False,eventID; materialSampleID; pcr_primer_forward; pcr_primer_reverse; seq_meth,,,cytochrome c oxidase subunit I,COI-5P barcode region,,,,GBIF Sequence ID-compatible COI BLAST workflow; ruleset barcode-gbif-compiler-v2,identity=99.6; queryCoverage=96.0,COI Animals / BOLD public clustered reference,GBIF Sequence ID-compatible COI BLAST workflow; ruleset barcode-gbif-compiler-v2
COMP100-082-metadata_blocked,False,eventID; materialSampleID; pcr_primer_forward; pcr_primer_reverse; seq_meth,,,cytochrome c oxidase subunit I,COI-5P barcode region,,,,GBIF Sequence ID-compatible COI BLAST workflow; ruleset barcode-gbif-compiler-v2,identity=99.6; queryCoverage=96.0,COI Animals / BOLD public clustered reference,GBIF Sequence ID-compatible COI BLAST workflow; ruleset barcode-gbif-compiler-v2
COMP100-083-metadata_blocked,False,eventID; materialSampleID; pcr_primer_forward; pcr_primer_reverse; seq_meth,,,cytochrome c oxidase subunit I,COI-5P barcode region,,,,GBIF Sequence ID-compatible COI BLAST workflow; ruleset barcode-gbif-compiler-v2,identity=99.6; queryCoverage=96.0,COI Animals / BOLD public clustered reference,GBIF Sequence ID-compatible COI BLAST workflow; ruleset barcode-gbif-compiler-v2
COMP100-084-metadata_blocked,False,eventID; materialSampleID; pcr_primer_forward; pcr_primer_reverse; seq_meth,,,cytochrome c oxidase subunit I,COI-5P barcode region,,,,GBIF Sequence ID-compatible COI BLAST workflow; ruleset barcode-gbif-compiler-v2,identity=99.6; queryCoverage=96.0,COI Animals / BOLD public clustered reference,GBIF Sequence ID-compatible COI BLAST workflow; ruleset barcode-gbif-compiler-v2
COMP100-085-metadata_blocked,False,eventID; materialSampleID; pcr_primer_forward; pcr_primer_reverse; seq_meth,,,cytochrome c oxidase subunit I,COI-5P barcode region,,,,GBIF Sequence ID-compatible COI BLAST workflow; ruleset barcode-gbif-compiler-v2,identity=99.6; queryCoverage=96.0,COI Animals / BOLD public clustered reference,GBIF Sequence ID-compatible COI BLAST workflow; ruleset barcode-gbif-compiler-v2
COMP100-086-metadata_blocked,False,eventID; materialSampleID; pcr_primer_forward; pcr_primer_reverse; seq_meth,,,cytochrome c oxidase subunit I,COI-5P barcode region,,,,GBIF Sequence ID-compatible COI BLAST workflow; ruleset barcode-gbif-compiler-v2,identity=99.6; queryCoverage=96.0,COI Animals / BOLD public clustered reference,GBIF Sequence ID-compatible COI BLAST workflow; ruleset barcode-gbif-compiler-v2
COMP100-087-metadata_blocked,False,eventID; materialSampleID; pcr_primer_forward; pcr_primer_reverse; seq_meth,,,cytochrome c oxidase subunit I,COI-5P barcode region,,,,GBIF Sequence ID-compatible COI BLAST workflow; ruleset barcode-gbif-compiler-v2,identity=99.6; queryCoverage=96.0,COI Animals / BOLD public clustered reference,GBIF Sequence ID-compatible COI BLAST workflow; ruleset barcode-gbif-compiler-v2
COMP100-088-metadata_blocked,False,eventID; materialSampleID; pcr_primer_forward; pcr_primer_reverse; seq_meth,,,cytochrome c oxidase subunit I,COI-5P barcode region,,,,GBIF Sequence ID-compatible COI BLAST workflow; ruleset barcode-gbif-compiler-v2,identity=99.6; queryCoverage=96.0,COI Animals / BOLD public clustered reference,GBIF Sequence ID-compatible COI BLAST workflow; ruleset barcode-gbif-compiler-v2
COMP100-089-metadata_blocked,False,eventID; materialSampleID; pcr_primer_forward; pcr_primer_reverse; seq_meth,,,cytochrome c oxidase subunit I,COI-5P barcode region,,,,GBIF Sequence ID-compatible COI BLAST workflow; ruleset barcode-gbif-compiler-v2,identity=99.6; queryCoverage=96.0,COI Animals / BOLD public clustered reference,GBIF Sequence ID-compatible COI BLAST workflow; ruleset barcode-gbif-compiler-v2
COMP100-090-metadata_blocked,False,eventID; materialSampleID; pcr_primer_forward; pcr_primer_reverse; seq_meth,,,cytochrome c oxidase subunit I,COI-5P barcode region,,,,GBIF Sequence ID-compatible COI BLAST workflow; ruleset barcode-gbif-compiler-v2,identity=99.6; queryCoverage=96.0,COI Animals / BOLD public clustered reference,GBIF Sequence ID-compatible COI BLAST workflow; ruleset barcode-gbif-compiler-v2
COMP100-091-metadata_blocked,False,eventID; materialSampleID; pcr_primer_forward; pcr_primer_reverse; seq_meth,,,cytochrome c oxidase subunit I,COI-5P barcode region,,,,GBIF Sequence ID-compatible COI BLAST workflow; ruleset barcode-gbif-compiler-v2,identity=99.6; queryCoverage=96.0,COI Animals / BOLD public clustered reference,GBIF Sequence ID-compatible COI BLAST workflow; ruleset barcode-gbif-compiler-v2
COMP100-092-metadata_blocked,False,eventID; materialSampleID; pcr_primer_forward; pcr_primer_reverse; seq_meth,,,cytochrome c oxidase subunit I,COI-5P barcode region,,,,GBIF Sequence ID-compatible COI BLAST workflow; ruleset barcode-gbif-compiler-v2,identity=99.6; queryCoverage=96.0,COI Animals / BOLD public clustered reference,GBIF Sequence ID-compatible COI BLAST workflow; ruleset barcode-gbif-compiler-v2
COMP100-093-metadata_blocked,False,eventID; materialSampleID; pcr_primer_forward; pcr_primer_reverse; seq_meth,,,cytochrome c oxidase subunit I,COI-5P barcode region,,,,GBIF Sequence ID-compatible COI BLAST workflow; ruleset barcode-gbif-compiler-v2,identity=99.6; queryCoverage=96.0,COI Animals / BOLD public clustered reference,GBIF Sequence ID-compatible COI BLAST workflow; ruleset barcode-gbif-compiler-v2
COMP100-094-metadata_blocked,False,eventID; materialSampleID; pcr_primer_forward; pcr_primer_reverse; seq_meth,,,cytochrome c oxidase subunit I,COI-5P barcode region,,,,GBIF Sequence ID-compatible COI BLAST workflow; ruleset barcode-gbif-compiler-v2,identity=99.6; queryCoverage=96.0,COI Animals / BOLD public clustered reference,GBIF Sequence ID-compatible COI BLAST workflow; ruleset barcode-gbif-compiler-v2
COMP100-095-metadata_blocked,False,eventID; materialSampleID; pcr_primer_forward; pcr_primer_reverse; seq_meth,,,cytochrome c oxidase subunit I,COI-5P barcode region,,,,GBIF Sequence ID-compatible COI BLAST workflow; ruleset barcode-gbif-compiler-v2,identity=99.6; queryCoverage=96.0,COI Animals / BOLD public clustered reference,GBIF Sequence ID-compatible COI BLAST workflow; ruleset barcode-gbif-compiler-v2
COMP100-096-metadata_blocked,False,eventID; materialSampleID; pcr_primer_forward; pcr_primer_reverse; seq_meth,,,cytochrome c oxidase subunit I,COI-5P barcode region,,,,GBIF Sequence ID-compatible COI BLAST workflow; ruleset barcode-gbif-compiler-v2,identity=99.6; queryCoverage=96.0,COI Animals / BOLD public clustered reference,GBIF Sequence ID-compatible COI BLAST workflow; ruleset barcode-gbif-compiler-v2
COMP100-097-metadata_blocked,False,eventID; materialSampleID; pcr_primer_forward; pcr_primer_reverse; seq_meth,,,cytochrome c oxidase subunit I,COI-5P barcode region,,,,GBIF Sequence ID-compatible COI BLAST workflow; ruleset barcode-gbif-compiler-v2,identity=99.6; queryCoverage=96.0,COI Animals / BOLD public clustered reference,GBIF Sequence ID-compatible COI BLAST workflow; ruleset barcode-gbif-compiler-v2
COMP100-098-metadata_blocked,False,eventID; materialSampleID; pcr_primer_forward; pcr_primer_reverse; seq_meth,,,cytochrome c oxidase subunit I,COI-5P barcode region,,,,GBIF Sequence ID-compatible COI BLAST workflow; ruleset barcode-gbif-compiler-v2,identity=99.6; queryCoverage=96.0,COI Animals / BOLD public clustered reference,GBIF Sequence ID-compatible COI BLAST workflow; ruleset barcode-gbif-compiler-v2
COMP100-099-metadata_blocked,False,eventID; materialSampleID; pcr_primer_forward; pcr_primer_reverse; seq_meth,,,cytochrome c oxidase subunit I,COI-5P barcode region,,,,GBIF Sequence ID-compatible COI BLAST workflow; ruleset barcode-gbif-compiler-v2,identity=99.6; queryCoverage=96.0,COI Animals / BOLD public clustered reference,GBIF Sequence ID-compatible COI BLAST workflow; ruleset barcode-gbif-compiler-v2
COMP100-100-metadata_blocked,False,eventID; materialSampleID; pcr_primer_forward; pcr_primer_reverse; seq_meth,,,cytochrome c oxidase subunit I,COI-5P barcode region,,,,GBIF Sequence ID-compatible COI BLAST workflow; ruleset barcode-gbif-compiler-v2,identity=99.6; queryCoverage=96.0,COI Animals / BOLD public clustered reference,GBIF Sequence ID-compatible COI BLAST workflow; ruleset barcode-gbif-compiler-v2
